Client_0,Client_1,Client_2,Client_3,Client_4,Client_0,Client_1,Client_2,Client_3,Client_4,Client_0,Client_1,Client_2,Client_3,Client_4,Client_0,Client_1,Client_2,Client_3,Client_4,Client_0,Client_1,Client_2,Client_3,Client_4
521,577,629,678,737,1722,1922,1835,2012,2107,574,639,696,751,811,310,539,632,714,775,1174,2505,2363,2236,2129
476,540,607,673,741,10967,11705,11595,11277,11412,495,555,612,674,741,495,562,619,677,737,918,11470,11346,11220,11101
331,603,669,726,789,1365,1996,1897,1679,1784,464,527,588,643,694,467,522,583,638,698,838,1711,1624,1538,1451
648,721,780,841,895,10994,11485,11346,11618,11749,630,701,755,815,882,503,573,630,696,751,853,11671,11542,11407,11276
526,592,649,705,777,1078,1829,1738,1926,2013,542,591,636,681,730,556,616,658,711,768,990,1985,1879,1772,1662
481,687,573,633,735,11160,11394,11281,11503,11628,611,652,684,715,751,222,442,488,533,584,1407,11666,11542,11428,11285
560,622,676,728,786,1618,1809,1717,1907,1998,462,519,580,637,695,486,545,601,654,716,1006,2063,1953,1832,1704
578,645,712,778,843,10924,11361,11290,11064,11143,510,585,649,712,787,650,721,778,839,906,724,10932,10865,10798,10728
728,1175,1081,986,863,931,1319,1262,1128,1196,487,885,956,1019,1074,694,981,1095,1168,1230,541,1054,1002,950,895
384,660,726,783,852,10617,11013,10682,10790,10853,464,527,577,628,696,587,655,719,776,840,433,10763,10716,10665,10609
484,630,544,579,674,815,1063,868,968,1012,505,565,623,682,739,774,852,925,1000,1077,449,857,808,764,724
537,592,638,686,745,10709,10815,10761,10864,10913,497,558,615,666,722,725,788,846,903,964,554,10737,10684,10630,10577
568,625,684,737,794,831,933,883,977,1016,409,467,525,630,694,397,455,513,559,606,427,825,787,746,702
575,656,719,774,825,10529,10669,10599,10726,10782,480,599,658,721,775,386,429,469,520,575,450,10697,10648,10597,10545
539,601,657,708,768,789,878,837,918,957,478,537,600,661,725,648,719,805,859,917,243,791,747,704,659
688,754,807,866,934,10442,10554,10499,10611,10665,591,659,715,765,822,666,752,834,911,988,472,10648,10601,10556,10510
560,624,688,743,801,647,742,695,790,836,461,515,571,624,681,826,924,1021,1165,1256,379,736,696,657,616
425,713,775,835,899,10729,10863,10801,10922,10981,472,536,593,649,706,450,515,575,642,714,426,10765,10714,10662,10610
444,727,795,864,936,952,1062,1007,1113,1158,466,535,598,667,727,480,548,614,667,730,462,851,811,771,730
489,548,602,660,723,10480,10887,10839,10752,10529,425,649,702,748,799,508,568,619,667,721,423,10797,10733,10674,10614
456,718,786,848,643,703,875,838,912,949,316,583,665,735,801,486,551,605,653,707,465,936,884,833,780
546,609,667,722,784,10454,10552,10504,10604,10658,511,573,627,674,731,447,483,515,546,581,409,10746,10694,10642,10585
542,597,647,694,748,625,711,667,754,798,452,509,562,613,668,473,522,577,623,668,437,848,806,762,717
645,712,783,907,846,10548,10926,10609,10663,10725,456,531,602,662,722,565,628,685,741,804,317,10706,10649,10593,10768
413,466,518,575,629,726,1009,767,908,959,517,573,634,688,760,518,581,639,735,796,404,830,784,737,883
576,789,848,902,952,10821,10928,10882,10969,11022,1022,1078,1128,1176,1300,472,535,593,650,715,406,10921,10868,10801,10746
782,1170,1080,991,894,972,1063,1019,1113,1156,1455,1524,1584,1640,1709,937,1049,1134,1189,1248,592,1015,974,931,885
508,680,619,758,851,10808,10938,10877,10991,11043,783,851,910,966,1017,251,479,541,599,657,587,10735,10679,10611,10560
436,585,731,632,677,999,1080,1040,1120,1159,420,604,659,717,778,415,479,528,579,638,411,839,800,760,710
518,588,649,715,772,10552,10705,10627,10768,10834,829,895,950,1007,1061,470,538,597,664,719,376,10782,10725,10668,10611
526,580,627,672,727,806,908,853,961,1012,417,641,703,756,808,435,491,542,600,650,458,887,843,798,752
771,859,938,1081,993,10500,10602,10553,10649,10699,862,916,962,1065,1111,703,774,866,929,999,399,11066,10979,10885,11146
435,474,542,574,604,664,744,705,793,841,617,715,811,861,950,535,655,778,855,910,698,1327,1245,1156,1408
595,997,922,845,765,10419,10735,10675,10510,10560,1041,1108,1159,1209,1258,481,544,600,658,720,402,10759,10702,10646,10585
591,1230,1149,1065,771,535,922,874,709,758,1352,1407,1460,1526,1598,632,834,930,1009,1067,421,871,822,772,724
433,619,679,795,735,10518,11012,10960,10902,10604,655,719,779,820,859,421,480,538,586,634,447,10974,10890,10808,11054
459,521,580,638,691,1004,1110,1055,1157,1201,486,544,596,650,712,591,646,695,740,799,599,1201,1113,1029,1286
665,1143,1051,956,862,10554,10819,10774,10639,10683,1251,1331,1471,1534,1586,605,814,1096,1186,1271,413,10748,10701,10654,10606
528,598,659,719,784,634,867,842,784,813,464,757,820,882,958,569,647,719,778,839,453,829,788,747,702
817,924,1008,1079,1136,10700,10830,10772,10891,10944,541,622,698,776,868,477,535,587,640,698,605,10756,10710,10654,10594
769,834,894,949,1021,906,996,950,1045,1092,744,810,855,899,947,473,547,619,674,731,263,832,792,755,714
521,582,632,683,739,10584,10924,10638,10707,10769,409,446,478,539,575,295,415,470,527,582,389,10856,10775,10693,10611
497,562,622,680,744,745,986,800,892,938,383,672,749,815,888,501,573,632,687,745,437,997,958,919,860
853,932,995,1038,1074,11077,11192,11139,11259,11323,953,1014,1071,1123,1174,408,472,528,588,634,432,11007,10904,10808,11103
556,621,686,746,812,1362,1464,1414,1516,1567,519,573,664,718,777,474,554,630,689,749,601,1286,1207,1115,1385
558,622,679,738,800,10576,10676,10629,10728,10782,441,507,568,623,678,481,543,604,671,739,277,10862,10806,10749,10688
572,631,679,723,774,748,831,786,880,927,443,498,547,611,669,424,483,543,593,638,522,965,918,869,821
892,1751,1662,1561,1064,10775,10905,10846,10967,11028,1217,1290,1358,1420,1480,1278,1350,1412,1469,1698,556,10849,10796,10741,10682
467,522,571,634,698,1003,1094,1050,1137,1205,567,621,675,729,781,375,438,483,535,595,461,915,868,822,776
690,752,803,853,908,10492,10819,10761,10580,10641,564,613,656,698,748,364,422,474,520,572,301,10733,10686,10631,10581
512,583,645,706,772,614,921,871,775,819,582,646,697,752,816,405,464,527,581,644,430,842,799,757,707
1469,1655,1855,2057,2286,10809,10926,10875,10974,11021,1193,2046,2244,2462,2834,1917,2075,2203,2358,2574,431,10936,10872,10808,10741
1947,3459,3035,2768,2497,980,1243,1204,1279,1320,4466,4700,4916,5103,5321,3964,4200,4411,4613,5631,570,1059,1010,961,909
5526,5743,5957,6161,6346,10479,10889,10554,10663,10727,4339,5379,5670,5886,6102,5501,5742,5954,6163,6367,455,10696,10649,10604,10554
2270,4132,3677,3314,2585,707,982,755,858,929,1126,4891,5088,5257,5427,5148,5371,5533,5707,5869,244,777,737,697,655
2227,6748,4006,3671,2872,10528,10655,10595,10711,10768,1566,1771,2689,3427,3632,8334,8549,8740,8931,9124,408,10771,10715,10657,10598
3130,6103,5794,5405,4046,737,838,785,886,934,4599,4806,4995,5182,5367,9435,9659,9938,10140,10323,442,894,846,796,743
5571,6785,7031,7287,6497,10546,10831,10779,10636,10683,5848,6812,7064,7311,7558,6149,6422,6671,6880,7107,582,10857,10802,10747,10691
1871,2872,3308,2122,2589,640,909,868,785,824,1811,2066,2285,3021,3275,2806,3079,3311,3562,3789,533,949,906,862,818
1345,1525,1694,1873,2015,10558,10682,10622,10744,10794,1256,1938,2093,2247,2409,1813,1982,2139,2292,2438,407,10678,10644,10595,10542
1155,1245,1337,1536,1620,759,838,799,878,917,917,1030,1301,1567,1801,1013,1155,1278,1386,1513,408,766,720,678,632
706,917,986,1064,1135,13908,14250,14104,14406,14618,665,796,876,945,1026,359,709,799,909,1002,1480,15718,15448,15166,15974
1774,1835,1889,1942,1995,4616,4906,4763,5049,5187,926,991,1049,1112,1172,1432,1517,1593,1658,1722,4636,6621,6346,6087,6900
430,651,703,585,759,15926,16366,16132,16577,16781,516,584,681,732,792,420,487,551,611,669,3252,17013,16814,16590,17265
509,570,620,672,738,6814,7163,6989,7363,7542,358,668,737,799,862,519,588,654,727,807,5980,7584,7435,7268,7760
278,519,578,634,695,19362,20760,20559,20921,21091,373,645,716,778,847,545,610,672,743,807,6780,20126,19894,19582,20367
440,669,730,781,838,11555,12045,11895,12199,11731,441,705,765,826,880,438,502,571,617,671,8861,11177,10869,10557,11488
613,674,725,778,821,12581,13732,12802,12987,13176,853,912,973,1033,1090,395,638,706,768,833,5373,14210,14079,13674,13844
561,626,685,754,826,3224,4081,3383,3739,3899,532,602,662,721,784,433,489,540,590,648,3318,4417,4295,3784,4182
503,571,678,746,801,11053,11839,11156,11319,11413,519,595,664,736,787,568,713,775,835,888,1410,11322,11236,11141,11057
952,1572,1489,1406,1320,1404,1957,1608,1809,1877,1154,1212,1264,1314,1361,1815,1883,1944,2005,2060,817,1490,1419,1349,1274
645,714,767,820,875,11229,11495,11442,11549,11600,654,716,776,846,910,415,454,509,612,674,707,11594,11426,11324,11685
562,612,672,707,744,1281,2314,1902,1960,2012,557,617,677,732,803,266,511,589,646,734,895,1873,1782,1695,1960
1290,1353,1413,1847,1908,10479,10894,10542,10659,10737,751,984,1058,1123,1202,750,1102,1165,1221,1278,418,10798,10744,10692,10638
492,562,623,688,752,706,948,751,858,900,495,560,619,680,744,534,585,643,699,752,489,887,847,807,765
532,738,622,671,801,10565,10673,10621,10724,10775,623,674,721,770,832,418,455,489,524,585,451,10780,10728,10677,10624
486,556,617,677,733,733,815,775,854,893,473,535,596,656,715,356,417,556,609,671,468,860,820,780,739
521,577,628,683,746,10424,10790,10482,10575,10625,466,635,688,737,798,408,470,534,597,668,597,10877,10827,10776,10725
542,987,1061,1118,1166,630,889,678,787,836,939,1080,1170,1256,1373,1719,1796,1857,1918,1976,453,858,812,769,717
458,525,574,627,689,11147,11588,11532,11327,11397,417,481,635,691,750,346,396,475,526,578,254,11510,11429,11347,11588
497,541,590,648,702,1364,1687,1637,1533,1582,516,557,627,683,737,245,457,512,566,625,1162,1743,1663,1585,1820
525,563,595,628,685,10671,10807,10757,10857,10907,599,658,706,750,801,438,493,544,600,653,437,10792,10736,10681,10624
471,545,608,676,728,871,950,912,988,1025,576,644,711,773,837,491,546,603,656,717,304,896,850,804,757
488,549,614,673,726,10488,10584,10537,10630,10675,615,679,739,794,855,493,555,615,678,739,603,10722,10677,10631,10585
642,707,763,827,889,634,721,677,766,805,532,595,666,733,796,485,540,596,649,712,440,797,758,719,678
378,492,545,436,598,10458,10816,10521,10619,10667,496,559,615,664,716,389,447,501,555,610,263,10674,10622,10566,10520
503,541,575,625,680,630,884,679,787,838,364,420,478,542,595,307,351,402,457,519,386,781,736,693,648
475,676,562,612,734,11405,11810,11692,11598,11506,551,609,666,734,796,441,496,547,599,668,431,12017,11920,11831,12108
1032,1102,1162,1224,1280,1814,2507,2067,1982,1898,628,724,791,852,965,661,725,784,1066,1202,1626,2351,2232,2136,2436
1157,1211,1260,1311,1354,10428,10612,10461,10490,10525,917,1004,1063,1120,1187,920,981,1035,1100,1156,237,10559,10529,10497,10466
620,678,734,787,843,464,602,490,547,573,437,492,536,579,628,423,476,525,603,658,347,591,565,539,512
454,680,743,800,854,10481,10594,10536,10660,10727,463,517,571,616,660,662,721,775,825,874,251,10748,10695,10636,10577
726,800,862,916,1249,708,805,758,846,888,584,990,1047,1101,1154,865,928,984,1036,1094,426,845,801,758,717
493,792,878,935,695,10536,10632,10581,10682,10732,521,586,638,744,807,427,483,539,593,643,580,10619,10567,10518,10470
595,646,682,736,776,644,733,689,776,820,551,590,629,676,737,432,476,520,573,632,330,697,656,618,580
705,769,826,891,950,10463,10582,10525,10639,10696,524,589,648,700,762,497,554,611,672,734,377,10654,10605,10555,10504
697,1175,1082,931,828,670,768,718,816,862,442,787,844,894,946,1094,1142,1186,1228,1276,369,761,718,673,628
780,1333,1219,1081,879,10770,11200,11108,11007,10907,382,982,1184,1257,1326,1298,1360,1418,1485,1540,391,11623,11533,11444,11707
606,664,725,779,841,1203,1558,1470,1385,1299,499,557,612,718,785,319,503,537,569,605,1249,1886,1802,1711,1970
594,653,716,770,826,10460,10553,10508,10596,10639,476,538,596,703,766,470,526,576,621,671,403,10678,10628,10578,10527
569,788,665,721,843,586,661,624,698,735,669,726,781,837,898,497,555,610,656,709,377,771,726,683,637
647,1366,1280,1163,845,11033,11415,11331,11235,11138,2077,2144,2200,2254,2307,1706,2107,2198,2319,2415,421,11848,11754,11658,11938
652,718,788,839,900,1423,1776,1681,1599,1514,582,654,714,768,824,677,750,824,905,974,1456,2134,2044,1950,2221
768,1579,1408,1161,895,10450,10520,10487,10552,10583,971,1033,1235,1295,1483,2380,2481,2568,2661,2750,424,10511,10480,10449,10416
597,670,729,786,837,494,547,521,573,599,849,912,977,1042,1097,725,787,848,902,960,298,546,521,495,468
438,493,545,589,639,10975,11087,11031,11137,11185,642,713,789,855,918,572,636,698,764,819,316,10761,10705,10642,10567
498,550,596,646,1016,1143,1231,1186,1275,1320,959,1100,1165,1218,1333,912,1070,1349,1437,1523,413,889,839,787,736
1269,1976,1894,1809,1705,10521,10619,10572,10665,10710,1238,1296,1353,1409,1465,1053,1125,1177,1322,1378,625,10752,10701,10650,10590
629,734,800,884,947,666,747,707,787,830,538,610,674,752,811,579,644,711,780,833,435,828,788,749,709
559,650,722,791,848,10415,10482,10451,10514,10545,664,822,872,927,1092,522,573,636,703,760,334,10635,10576,10525,10484
1542,2267,2185,2099,1729,488,542,515,568,593,1802,1860,1912,1963,2012,2308,2396,2479,2559,2663,333,720,670,628,584
557,622,679,743,807,10485,10807,10744,10589,10647,325,603,669,747,816,572,625,678,725,767,1698,10680,10630,10579,10527
581,654,725,801,866,596,883,846,751,801,273,600,679,754,814,619,737,805,865,1008,406,801,760,715,670
525,641,722,783,852,10470,10752,10551,10590,10635,710,783,856,920,984,722,805,864,923,980,2103,10855,10801,10745,10682
555,668,614,721,774,617,824,784,708,744,538,623,692,766,844,627,690,742,802,857,520,947,898,855,815
939,998,1052,1476,1607,11766,12089,12010,11933,11854,1064,1130,1197,1257,1318,782,859,922,980,1033,372,12234,12173,12117,12055
430,482,527,577,622,2075,2377,2302,2227,2152,485,549,611,676,736,641,702,760,812,844,1898,2362,2312,2259,2209
584,645,714,766,825,10639,10747,10695,10797,10848,555,613,668,732,784,463,531,594,648,700,1085,10676,10631,10586,10540
532,601,670,733,793,809,897,855,937,979,531,599,656,722,785,642,708,767,824,887,399,754,715,675,635
550,599,650,697,746,13157,13484,13406,13329,13244,451,506,551,598,651,789,838,888,931,973,1654,13038,12959,12878,13114
749,823,877,930,980,3882,4220,4127,4047,3963,892,951,1018,1071,1119,612,680,738,793,853,2701,3758,3661,3566,3855
562,726,778,618,672,10656,10904,10856,10714,10759,446,504,556,603,699,708,776,845,907,966,270,10764,10714,10664,10611
386,606,665,714,766,722,973,933,853,891,588,651,714,778,834,646,713,781,849,911,465,863,823,778,734
1517,1847,1770,1690,1610,10570,10909,10624,10712,10760,2200,2260,2308,2361,2415,2482,2542,2594,2657,2706,396,11107,11015,10938,11199
566,647,714,772,843,712,987,757,855,897,653,713,769,878,1048,511,571,625,684,736,762,1396,1305,1213,1493
582,666,738,851,925,10539,10882,10595,10685,10736,778,838,891,944,1008,569,634,695,819,916,1036,10746,10701,10655,10609
500,561,615,663,711,660,891,706,806,847,632,703,850,938,1001,499,556,610,703,766,447,805,765,725,684
572,634,683,744,790,10508,10842,10561,10649,10700,698,775,841,888,948,633,700,770,828,904,412,10582,10463,10430,10499
1095,1296,1459,1401,1227,631,868,676,772,816,2217,2283,2340,2395,2449,3269,3341,3400,3454,3511,280,554,468,442,527
524,700,626,760,814,10871,11183,11139,11221,11257,467,531,589,656,722,657,728,800,865,922,375,11765,11669,11568,11857
531,590,646,706,758,1003,1894,1838,1943,1990,452,509,572,630,681,629,699,761,836,897,1130,2046,1959,1868,2135
529,601,659,714,779,10491,10755,10707,10568,10612,601,659,718,785,834,737,801,864,924,977,230,10748,10698,10649,10597
525,638,667,573,605,572,828,791,707,747,662,722,774,829,893,621,675,726,782,830,457,848,806,763,719
485,630,702,759,822,10490,10765,10721,10578,10628,594,657,713,765,828,711,771,841,901,948,2064,10742,10697,10652,10606
513,567,617,668,724,589,838,800,718,755,276,491,565,677,734,543,700,760,816,861,410,766,727,687,646
480,589,534,641,693,10544,10662,10604,10718,10775,602,665,725,785,851,479,537,642,696,756,582,10744,10688,10632,10572
695,1138,1188,834,763,734,827,780,875,922,818,1101,1160,1215,1282,536,690,772,833,895,440,848,812,768,727
549,794,1181,687,740,11278,11383,11333,11430,11477,469,535,603,664,724,730,804,880,956,1015,391,12730,12642,12548,12829
2032,2091,2141,2191,2238,2573,2691,2639,2744,2794,582,653,717,783,851,705,783,865,925,981,2032,2891,2848,2800,2937
647,720,779,832,885,10512,10833,10563,10647,10692,465,525,581,650,722,508,560,614,663,710,439,10574,10545,10514,10482
754,821,899,962,1034,657,892,703,796,840,523,587,653,706,761,535,596,649,705,757,361,598,574,549,523
718,794,869,940,1013,10472,10659,10628,10532,10567,613,685,755,824,888,924,978,1034,1092,1143,391,10890,10814,10738,10964
965,1023,1071,1124,1176,497,667,642,585,612,1249,1302,1347,1394,1443,583,638,686,1850,1909,558,1103,1029,954,1176
1112,1339,1398,1211,1268,10532,10644,10592,10695,10745,1249,1313,1371,1428,1487,1558,1621,1676,1730,1781,469,10798,10584,10537,10671
472,528,573,622,667,705,796,750,843,888,525,637,699,756,830,660,734,808,879,953,355,794,664,624,753
1748,2208,2561,2841,1982,10825,11231,10883,11007,11071,2334,2603,2837,3057,3247,1639,1903,2234,2500,2752,390,11046,10980,10907,10845
1888,2175,2528,2778,3052,1036,1316,1087,1199,1252,3427,3692,3905,4114,4352,2128,2378,2587,2778,3040,685,1179,1130,1082,1029
4444,4739,4972,5211,5444,10840,10933,10888,10978,11021,3464,3880,4147,4615,4861,3272,3633,3905,4150,4808,410,11020,10926,10835,11107
2957,3470,3776,4230,4500,1431,1520,1477,1558,1596,2902,3172,3471,3785,4063,1854,2463,2694,2917,3114,632,1287,1201,1112,1366
2029,3006,3399,3824,4065,10763,10998,10949,10809,10854,1677,1951,3045,3304,3685,2991,3292,3732,4012,4252,285,10559,10529,10497,10464
1358,2400,2134,1765,2636,808,1090,1037,949,992,2272,2518,2792,3034,3244,2418,2691,2881,3076,3273,343,590,564,538,511
4866,5131,5370,5610,5878,11168,11267,11223,11309,11350,3978,4265,4646,4919,5152,4879,5147,5406,5630,5879,510,10830,10779,10726,10672
7147,7390,7703,7946,8202,1311,1399,1355,1443,1487,6055,6304,6532,6756,6984,4693,4962,5179,5392,5638,506,961,870,824,777
5141,5435,5641,5867,6094,10653,10819,10756,10867,10922,1631,1987,3788,4002,4208,3220,3444,5167,5445,5634,650,10696,10646,10596,10554
3010,3328,6309,6475,6650,884,972,929,1016,1060,5607,5845,6048,6270,6408,3250,3506,3716,3925,4163,246,789,745,701,656
5127,5257,5365,5466,5564,12771,13490,13341,12978,13152,3111,3354,3687,3877,4031,3931,4119,4268,4399,4556,1030,13478,13272,13057,12845
1348,1504,1630,1750,1881,3479,3770,3630,3912,4049,1440,1557,1674,1787,1889,1080,1201,1297,1433,1539,2427,4016,3845,3692,3528
678,799,911,995,1076,12143,13121,12368,12545,12727,859,950,1038,1147,1239,940,1029,1121,1215,1304,2794,13300,13110,12872,12679
757,851,945,1019,1108,2717,3329,3145,3552,3740,1131,1249,1357,1472,1582,1021,1101,1182,1252,1332,2219,3806,3657,3504,3296
684,807,860,749,919,13584,14071,13869,14256,14437,679,781,865,948,1027,868,937,1003,1064,1117,1721,17756,17594,17275,17083
861,918,975,1032,1093,4461,4784,4624,4941,5098,999,1063,1315,1388,1452,903,1095,1161,1218,1282,4113,4801,4643,4483,4320
474,541,606,665,728,14932,15520,15216,15758,15976,614,671,736,792,854,671,730,786,857,905,3749,13354,12865,12627,12408
1376,1439,1499,1557,1608,6037,6494,6258,6733,6924,1105,1168,1225,1279,1333,909,970,1024,1076,1129,1953,4252,4053,3834,3414
630,701,763,821,880,14353,14737,14559,14916,15084,724,790,852,916,975,860,925,1020,1126,1191,2266,12729,12560,12417,12265
568,622,671,728,776,5087,5453,5275,5628,5787,1002,1055,1102,1147,1192,669,724,775,825,879,1889,3055,2947,2837,2713
596,1096,1173,1236,1293,11399,11603,11504,11700,11797,1280,1350,1408,1468,1525,1642,1712,1773,1832,1890,848,11007,10934,10851,10765
507,580,649,706,767,1726,2006,1822,2155,2238,700,766,820,884,936,539,593,644,695,745,568,1159,1089,1025,959
647,712,766,813,865,10788,11286,10883,11018,11088,951,1008,1072,1127,1188,494,592,647,695,747,754,11173,11098,10781,10958
1596,1665,1722,1775,1826,1039,1352,1104,1227,1287,1286,1345,1402,1458,1514,552,615,676,735,803,512,1230,1178,895,1121
569,638,685,730,774,10867,11215,11154,10973,11038,589,718,766,809,860,816,870,930,986,1045,543,10868,10824,10779,10733
605,673,752,816,879,986,1311,1262,1158,1207,604,658,706,761,808,623,678,734,779,832,570,924,885,846,806
1013,1083,1145,1202,1256,10789,10910,10850,10967,11015,493,557,614,671,727,629,691,753,995,1070,466,10951,10695,10640,10767
675,741,798,854,911,976,1080,1029,1120,1156,3748,4065,4126,4175,4230,3133,3196,3250,3303,3377,448,980,805,733,908
889,949,1002,1061,1112,10788,10877,10835,10916,10955,513,573,625,677,736,981,1251,1322,1381,1443,597,11061,10968,10873,11153
492,564,625,683,740,1022,1113,1074,1152,1190,573,640,696,761,823,697,762,816,876,948,664,1332,1243,1155,1416
607,795,862,716,925,10454,10610,10562,10659,10705,754,818,876,930,979,1067,1120,1178,1229,1277,546,10837,10793,10743,10688
586,650,711,773,829,664,742,704,779,815,412,610,673,738,791,1065,1130,1190,1249,1308,482,845,812,778,743
549,621,688,755,811,11468,11568,11519,11614,11661,427,487,547,605,660,510,566,615,664,708,718,10810,10762,10716,10669
1395,1598,1820,2025,2234,1763,1862,1822,1904,1949,1616,1869,2426,2701,2918,2529,2782,3005,3249,3461,510,889,849,811,762
1935,2446,2201,3030,3508,10621,10714,10670,10757,10799,3410,4048,4400,4750,5184,5322,5676,6007,6335,7217,451,10811,10756,10702,10643
2344,2528,2694,2860,5775,881,966,925,1008,1049,4533,4732,4931,5098,5275,5458,5686,5888,6052,6200,475,905,861,813,766
4540,4728,4908,5089,5236,13453,13565,13516,13612,13658,3222,3401,3555,3704,3845,4341,4546,4711,4868,5023,480,11076,11001,10924,11164
1981,3362,3477,3601,3725,1182,1261,1221,1300,1337,7479,7620,7755,7920,8051,5730,5880,6009,6141,6265,697,1328,1238,1147,1418
2531,2625,2707,2843,2947,10479,10580,10533,10624,10668,1216,1308,1393,1476,1554,2546,2665,2772,2864,2958,447,10844,10793,10741,10688
619,706,791,874,953,624,703,664,740,777,678,755,825,910,999,595,682,763,830,905,525,949,879,838,796
630,808,884,942,721,10771,11115,11049,10962,10874,568,637,704,763,829,332,631,706,784,854,477,10970,10892,10834,10765
784,840,888,937,982,1083,1266,1226,1139,1181,683,752,813,874,934,517,588,701,762,826,583,1034,995,955,912
1199,1272,1341,1411,1476,11442,12827,11678,12059,12289,679,747,807,868,929,797,871,935,995,1052,1047,12728,12534,11595,12151
439,504,565,625,700,2399,3129,2556,2921,3027,427,485,533,578,631,454,509,564,621,686,1077,3280,3090,2180,2783
858,913,966,1020,1073,14309,15633,14573,14801,15029,630,693,750,806,862,416,472,522,571,630,2344,13232,13024,12818,13478
451,512,577,634,690,5087,6051,5273,5665,5846,351,595,654,705,757,469,534,592,646,709,1523,3072,2912,2751,3261
437,502,565,626,681,14608,14848,14737,14959,15061,468,522,574,627,679,515,580,635,689,750,3089,14412,14301,14205,14517
261,457,508,555,600,5027,5205,5120,5288,5370,372,530,575,635,697,295,568,636,686,751,2853,3548,3470,3389,3632
591,659,725,786,852,10600,11101,10677,10803,10882,664,740,791,841,897,606,671,733,791,849,645,10926,10875,10822,10988
260,439,491,596,542,872,1198,932,1068,1126,545,630,750,837,922,374,434,490,547,608,650,1022,977,935,1072
386,443,711,830,893,10707,10816,10763,10870,10924,460,527,575,620,670,393,444,490,536,586,1387,11340,11278,11214,11162
1146,1217,1281,1345,1407,1022,1122,1072,1175,1226,472,542,604,665,733,316,560,621,679,740,994,1477,1421,1371,1316
515,591,671,728,784,10485,10602,10543,10658,10714,597,658,720,780,843,486,558,612,674,780,486,11120,11067,10922,10971
755,830,889,946,1011,679,778,729,827,872,560,634,694,757,822,423,480,534,602,664,618,1018,973,772,926
1261,1376,1428,1318,1492,10699,10788,10747,10830,10869,690,759,819,877,934,1414,1479,1531,1578,1624,504,10821,10771,10714,10651
252,460,510,554,609,959,1038,1000,1077,1116,564,629,687,735,794,434,493,548,602,659,487,923,878,830,786
467,528,583,638,696,10474,10574,10524,10632,10685,366,424,476,527,584,522,588,641,692,754,442,10936,10876,10818,10756
343,581,696,805,860,642,726,684,768,812,499,567,626,682,743,452,519,578,636,701,603,1042,997,951,905
411,469,551,620,707,10440,10523,10491,10554,10612,617,690,772,817,865,492,557,635,712,782,305,11052,10960,10860,11147
401,460,492,561,599,556,660,609,698,750,631,826,929,1034,1118,382,577,631,686,794,649,1380,1286,1191,1475
396,452,509,563,626,10713,10827,10772,10879,10931,449,487,527,567,602,248,441,493,547,606,971,10829,10784,10737,10684
432,490,543,596,660,1047,1152,1100,1202,1252,456,507,633,678,728,488,546,599,652,714,521,935,886,837,792
450,676,548,601,730,10564,10667,10620,10713,10759,459,515,658,714,769,434,500,567,627,691,748,11692,11633,11570,11502
254,367,401,467,432,700,788,748,829,872,443,483,515,546,582,386,437,483,575,630,815,1317,1270,1210,1152
341,378,424,474,537,10490,10835,10548,10634,10684,502,540,572,603,637,420,469,514,606,656,450,10670,10626,10581,10533
259,502,667,725,786,647,934,698,825,875,499,557,615,669,730,462,520,569,619,671,388,744,705,665,625
256,478,529,576,627,10694,10792,10745,10837,10882,428,465,498,532,563,482,541,592,644,701,577,10773,10725,10676,10627
944,1008,1065,1118,1174,1009,1099,1055,1144,1186,499,563,619,682,750,590,735,826,917,1007,460,839,795,754,711
400,461,518,572,636,10474,10704,10603,10770,10857,494,546,592,636,688,222,430,477,523,574,383,10589,10538,10488,10438
391,449,503,555,613,866,1026,946,1107,1169,469,507,539,569,604,384,421,454,515,551,306,704,662,613,561
407,472,536,588,645,10625,10719,10675,10761,10803,270,502,566,616,674,268,507,567,619,677,592,11002,10915,10828,11083
438,497,548,603,653,880,965,924,1007,1049,538,595,650,699,761,352,390,423,454,489,641,1162,1116,1065,1212
1040,1110,1169,1227,1283,10381,10588,10558,10464,10497,503,575,634,692,756,478,580,678,771,864,318,10779,10734,10524,10642
209,393,438,480,529,431,601,575,518,546,502,554,598,648,692,334,389,440,533,590,349,836,787,614,747
390,449,513,581,633,10451,10829,10509,10604,10664,471,509,569,600,635,361,411,470,571,632,490,10703,10656,10610,10562
418,480,545,603,668,642,890,692,796,839,372,429,568,619,675,258,375,409,441,487,401,784,745,703,662
748,802,851,905,1215,10541,10675,10611,10739,10801,541,582,635,694,748,540,622,699,776,851,422,10630,10599,10566,10507
1179,1247,1308,1367,1424,775,880,829,933,986,516,588,648,708,772,580,681,776,871,963,365,650,624,599,573
420,478,532,586,648,10447,10544,10497,10589,10634,430,468,500,531,566,397,447,493,582,636,315,10716,10671,10627,10580
250,460,514,565,622,601,681,641,721,760,510,568,623,686,749,445,508,563,614,674,436,793,753,714,673
336,528,577,463,623,10723,10829,10779,10878,10925,445,483,514,576,613,380,429,475,571,634,556,11466,11376,11283,11533
1088,1149,1199,1248,1296,891,976,934,1017,1058,439,497,546,723,773,673,759,836,914,991,1059,1629,1570,1512,1697
528,612,677,743,804,10448,10562,10509,10615,10664,578,635,688,738,792,420,574,624,674,734,245,10741,10682,10624,10576
399,448,492,536,584,630,725,679,771,818,408,445,477,547,599,423,461,493,524,559,442,887,837,786,723
446,511,568,631,688,10524,10634,10582,10686,10737,472,550,676,796,952,580,651,709,768,829,230,10960,10883,10800,11035
341,588,644,699,762,703,783,744,823,871,511,578,759,823,882,783,851,912,971,1043,620,1193,1113,1038,1272
240,463,520,577,632,11030,11120,11080,11160,11198,637,698,754,807,873,432,488,536,583,640,1250,10776,10726,10674,10621
424,480,536,586,641,1149,1376,1331,1415,1454,360,399,553,617,687,501,560,614,672,744,445,832,793,753,712
519,581,644,705,834,10499,10627,10564,10662,10707,508,807,882,945,1010,464,534,599,663,719,233,10578,10536,10502,10632
408,463,514,564,621,681,775,729,802,828,507,568,626,684,747,244,498,558,613,670,351,682,639,594,730
355,555,447,499,605,10647,10756,10703,10808,10860,415,653,699,744,783,451,511,568,625,680,521,10787,10726,10662,10598
312,559,612,664,723,991,1096,1044,1147,1199,590,659,718,781,846,404,462,605,657,695,435,891,848,804,758
446,504,554,601,661,10462,10534,10500,10565,10596,297,535,594,651,704,398,455,521,637,703,312,10719,10670,10620,10568
576,649,705,766,837,540,591,566,616,640,508,575,630,686,1066,795,1054,1122,1185,1249,421,817,775,731,686
329,555,613,671,732,10544,10674,10613,10734,10790,550,632,699,756,820,462,529,594,649,760,461,10769,10715,10661,10612
231,447,503,560,623,761,860,812,909,957,434,488,541,632,683,302,518,570,620,677,448,865,826,781,731
758,823,901,961,1023,10472,10578,10527,10632,10690,477,728,781,830,876,902,967,1028,1094,1153,366,10793,10734,10679,10623
1299,1365,1425,1764,1965,661,744,703,789,833,695,765,1051,1117,1176,944,1059,1227,1319,1411,476,916,866,818,769
324,360,392,422,456,10535,10631,10587,10676,10721,467,523,577,631,694,451,491,528,579,640,400,10658,10607,10558,10505
312,529,601,664,723,675,749,712,785,822,490,553,612,663,727,468,531,585,638,706,209,768,720,669,624
439,476,508,539,574,10561,10655,10610,10700,10744,425,463,494,556,591,475,531,568,620,680,370,10780,10719,10657,10597
481,547,608,672,739,696,777,737,817,857,508,573,632,702,763,497,564,629,689,759,444,909,860,811,759
1927,2002,2073,2123,2182,10505,10865,10577,10669,10724,478,1300,1357,1407,1457,1011,1362,1457,1554,1647,590,10684,10640,10590,10543
442,500,551,603,660,683,906,727,818,860,365,420,611,667,717,260,493,550,608,669,400,756,720,682,644
248,460,513,564,620,10477,10583,10532,10633,10683,335,374,407,464,515,289,547,610,671,740,293,10850,10790,10733,10678
1350,1417,1478,1536,1587,619,708,664,752,795,582,652,762,823,1215,814,939,1120,1239,1340,518,1035,981,876,823
440,499,548,597,654,10975,11329,11238,11153,11069,484,546,610,665,723,494,558,622,673,733,1114,10689,10638,10586,10532
336,373,406,437,472,1321,1673,1582,1492,1403,431,492,544,601,652,413,464,514,576,613,384,792,745,698,652
705,773,834,910,978,10501,10610,10558,10662,10716,474,526,574,626,686,575,648,723,794,856,285,10551,10520,10488,10455
426,486,542,595,654,687,782,735,830,877,497,592,639,694,765,425,475,531,631,708,326,572,547,521,494
393,430,462,492,527,10516,10865,10575,10635,10699,627,693,759,823,896,442,496,582,619,659,437,11804,11599,11543,11653
461,519,565,611,666,680,934,729,837,881,382,437,581,643,710,476,577,645,687,740,1383,1822,1669,1622,1775
396,454,510,567,628,10456,10660,10630,10691,10565,452,504,553,598,651,430,489,541,592,647,377,10657,10611,10563,10511
681,747,810,1228,1291,504,680,655,707,624,493,559,624,686,750,487,553,612,670,966,373,743,706,669,630
399,449,493,537,587,10551,10678,10617,10740,10800,470,522,570,620,664,462,511,557,611,673,740,10790,10735,10678,10627
562,620,674,726,785,771,871,824,920,964,603,667,729,788,856,525,572,624,680,743,472,907,856,810,761
428,488,545,602,663,10606,10716,10664,10767,10818,453,512,569,621,678,436,499,563,628,700,293,11343,11285,11017,11180
309,565,625,678,732,783,864,824,903,942,290,522,581,643,702,436,488,542,591,647,853,1404,1356,1143,1307
600,663,722,779,1571,10466,10580,10524,10634,10690,504,570,639,700,772,452,536,587,657,715,354,10662,10613,10561,10715
509,570,627,682,744,658,751,704,797,846,350,570,623,675,726,431,483,531,580,631,387,785,743,699,828
410,466,501,534,569,10459,10559,10511,10616,10670,561,622,676,782,858,475,534,585,697,754,391,10643,10611,10573,10518
1645,1864,2067,2298,2472,640,720,682,761,799,945,1440,1632,1801,2068,1160,1621,1851,2073,2280,374,660,635,610,584
1877,2648,2910,3133,3352,10472,10823,10525,10619,10671,1171,2428,2661,2861,3100,2136,2553,2774,3021,3235,477,10615,10576,10536,10495
1908,2184,2463,2710,2932,642,951,690,784,833,1586,1785,2002,2234,2491,1767,2012,2274,2526,2704,357,714,641,603,565
3757,4075,4517,4762,5151,10431,10648,10469,10525,10558,5794,6002,6186,6351,6513,1808,4086,4318,4529,4707,423,10729,10679,10627,10573
4745,5358,5557,5733,5898,505,649,533,591,618,3750,4090,4346,4573,4760,4616,4872,5103,5279,5454,423,830,785,742,697
5584,5835,6059,6291,6543,10477,10574,10527,10620,10666,2745,2986,3215,3440,3714,4674,4923,5171,5388,5601,399,10756,10701,10646,10584
3914,5203,5431,5813,6118,618,698,658,738,778,1785,1986,2191,3420,3640,1892,2100,3317,3680,4596,427,869,822,775,725
7238,7493,8279,8513,8714,10449,10555,10504,10606,10656,6581,6963,7360,7719,7951,2767,4921,5287,5606,6313,355,10678,10622,10566,10511
3188,3707,3983,4199,4337,621,709,665,752,795,3671,3900,4087,4326,4548,3748,4002,4207,4541,4768,366,791,746,700,654
2867,3113,3316,3495,3711,11723,13058,11942,12310,12479,1679,2111,2328,2560,2795,890,1823,2043,2287,2548,1366,12424,12257,12035,12621
2190,2404,2613,2841,3055,2619,3518,2758,3201,3364,1808,1998,2155,2354,2593,1400,1612,1818,2014,2192,1651,3164,2838,2656,3010
1952,2410,2546,2683,2794,12290,13420,12444,12748,12926,1268,1603,1767,1929,2077,1172,1319,1457,1800,2548,2313,17214,17037,16871,16680
1332,1438,1531,1623,1713,2915,3676,3071,3390,3509,782,892,1158,1247,1345,714,807,896,1004,1106,4532,7701,7565,7420,7248
2293,2396,2494,2584,2677,12676,13064,12904,13233,14073,995,1120,1242,1343,1429,878,1002,1125,1245,1354,1567,13758,13609,13458,13298
3681,3772,3854,3933,4010,4152,4491,4325,4657,4828,1573,1651,2011,2091,2168,1879,1969,2043,2118,2193,2926,5617,5448,5275,5086
455,518,576,634,691,13356,16330,13764,14230,14630,627,700,759,826,887,655,722,781,840,907,3419,16564,16337,16097,14396
282,718,791,850,909,4770,6679,5927,6334,6497,492,607,669,721,790,837,898,952,1008,1061,6676,7458,7272,7098,6900
455,523,575,624,694,13255,14433,13502,13672,13888,536,590,654,717,774,515,577,624,671,719,2518,12839,12120,11970,12340
265,476,523,571,623,3942,4717,4102,4427,4564,529,585,635,685,739,470,541,599,656,718,1594,2996,2528,2372,2846
589,654,714,779,842,12226,12649,12439,12863,13102,533,606,672,737,808,644,719,784,852,921,1628,12942,12790,12271,12467
265,488,540,594,645,3069,3266,3154,3381,3479,658,742,816,879,939,701,783,850,911,976,1831,3025,2931,2392,2833
505,563,616,667,727,12228,12869,12338,12500,12593,587,649,706,761,820,595,660,718,775,838,769,11987,11895,11822,11740
2286,2933,2836,2732,2626,2553,3103,2651,2811,2890,2202,2310,2409,2513,2645,1764,1865,1969,2068,2168,3017,3343,3269,3193,3111
442,499,549,598,666,11689,11933,11776,12059,12140,614,848,977,1038,1094,456,574,684,777,888,3130,10807,10750,10693,10635
457,508,553,605,668,2113,2241,2179,2336,2519,501,557,612,667,721,452,532,593,651,708,467,907,860,813,765
989,1059,1116,1170,1227,10526,10734,10691,10568,10606,1063,1126,1182,1234,1285,705,765,819,868,919,404,10604,10551,10497,10660
577,650,714,769,817,564,794,759,684,720,423,656,729,810,872,647,708,770,850,908,308,712,667,622,761
226,434,483,531,590,10510,10609,10563,10655,10701,608,673,731,783,839,706,805,862,920,981,270,10850,10796,10747,10694
1624,2043,2137,2222,2308,653,734,694,775,819,1032,1091,1137,1182,1231,494,550,595,643,694,949,1152,1102,1052,1007
422,471,516,563,618,10505,10961,10571,10672,10735,488,547,600,650,705,481,551,636,690,746,573,10817,10770,10721,10613
264,542,588,639,685,705,1019,812,927,974,619,675,709,740,774,504,705,760,851,912,432,912,872,831,782
326,583,647,711,762,13030,13164,13098,13225,13287,611,700,737,769,804,603,662,715,818,877,3414,10847,10794,10735,10678
230,446,503,566,619,3255,3360,3310,3413,3465,413,469,518,564,615,513,586,654,726,784,519,949,902,855,809
683,892,957,1107,815,10363,10660,10614,10704,10751,604,730,831,929,1022,497,564,617,973,1040,258,10993,10941,10890,10831
388,719,793,654,852,478,762,715,809,859,410,476,638,692,750,583,643,705,759,816,1077,1274,1228,1184,1133
392,452,511,563,623,10867,11000,10935,11069,11138,486,525,562,594,637,492,546,642,697,760,485,10735,10691,10629,10550
216,433,489,543,613,1105,1200,1147,1254,1296,476,532,567,610,665,508,567,618,679,735,386,820,775,730,688
241,457,513,570,633,10631,11018,10925,11105,11166,355,486,532,578,629,398,451,539,590,644,1790,10664,10616,10567,10516
540,608,671,798,733,714,1580,1136,1183,1236,737,798,852,903,958,546,666,722,780,837,294,749,709,666,623
237,452,504,554,612,10471,10680,10649,10556,10588,469,526,658,706,763,484,547,604,653,708,278,10838,10782,10695,10607
228,438,492,542,601,542,709,684,629,655,412,528,585,633,677,600,668,725,779,837,328,892,852,821,794
282,493,545,599,653,10460,10558,10511,10604,10649,539,594,647,698,751,600,663,721,782,842,346,10792,10733,10673,10612
241,487,549,616,689,609,700,652,742,791,520,581,637,690,757,501,558,604,657,702,450,953,847,798,748
916,985,1052,1111,1176,10528,10667,10605,10726,10779,783,1144,1248,1351,1440,870,933,994,1054,1111,340,10675,10630,10584,10537
391,633,691,477,513,733,820,775,860,913,517,569,616,661,712,342,433,467,502,534,395,753,713,673,632
247,468,521,577,626,10557,10695,10619,10754,10800,349,387,474,508,544,479,538,585,629,679,410,10774,10718,10511,10619
246,464,518,573,625,745,837,789,882,926,489,551,639,672,708,467,524,589,641,697,302,822,774,565,726
235,453,503,548,607,10753,11145,11054,10961,10858,486,551,608,668,733,581,661,726,788,848,1362,10646,10602,10557,10510
499,569,630,706,773,1139,1478,1395,1311,1228,551,622,682,741,806,793,862,924,980,1035,208,722,682,642,601
520,811,628,688,748,10432,10501,10469,10532,10563,769,852,908,963,1027,860,939,998,1053,1122,295,10653,10600,10547,10499
229,411,445,476,511,507,558,533,583,608,341,527,592,648,700,573,634,683,729,782,203,766,718,673,629
1122,1470,1591,1692,1796,10443,10780,10498,10587,10638,1133,1237,1332,1424,1521,1602,1664,1717,1765,1815,237,11127,11073,11002,10942
433,503,563,624,694,608,828,653,744,784,715,771,819,873,926,454,504,537,568,601,1245,1462,1412,1362,1310
290,508,556,613,663,10486,10780,10730,10580,10631,511,566,618,668,715,568,621,672,722,781,387,10680,10630,10581,10529
455,514,568,693,752,541,830,789,686,737,487,549,608,685,753,544,604,661,720,759,201,778,704,661,616
338,547,438,494,594,10440,10537,10491,10583,10627,398,436,467,503,534,537,593,639,683,736,227,10682,10626,10577,10527
1676,2059,1963,1872,1779,594,674,634,716,765,674,873,1215,1308,1399,1600,1662,1717,1773,1825,233,767,727,689,649
523,601,654,718,773,10544,10835,10777,10610,10667,551,610,672,772,877,866,934,987,1039,1091,671,10886,10828,10775,10722
421,460,515,556,591,633,928,885,789,836,495,564,618,728,794,594,654,709,774,827,566,986,945,904,862
439,498,559,616,696,10493,10598,10548,10649,10698,480,549,640,715,787,557,623,686,740,799,410,11636,11584,11532,11477
395,433,465,496,531,658,743,702,782,821,503,562,619,714,772,522,573,620,665,715,1744,1957,1907,1857,1807
1682,2059,1975,1890,1802,10669,10782,10726,10841,10895,761,883,1148,1237,1322,501,962,1024,1490,1552,407,10729,10680,10630,10578
245,512,588,655,729,853,942,899,982,1021,502,564,614,663,718,584,639,689,740,795,279,829,785,742,697
469,540,595,652,703,10487,10605,10549,10658,10711,445,482,516,581,646,534,600,662,723,799,397,10562,10530,10497,10598
398,462,510,571,625,686,786,736,828,867,514,574,629,691,755,422,482,538,626,666,351,599,573,546,628
388,425,456,492,523,12011,12400,12306,12212,12115,483,553,602,709,765,554,591,623,655,697,2393,10659,10609,10557,10516
1821,2198,2107,2016,1928,2447,2802,2734,2638,2544,711,913,1196,1299,1402,829,893,949,1007,1069,377,752,708,666,620
472,530,585,630,680,10505,10614,10563,10665,10716,591,654,707,762,804,303,545,601,653,711,406,10706,10657,10603,10548
327,554,598,411,448,678,767,724,811,855,635,691,745,798,862,504,737,797,851,920,429,837,796,748,698
436,495,552,615,671,10417,10755,10700,10811,10592,548,601,658,713,771,489,671,715,769,832,363,11919,11856,11794,11742
464,541,625,693,761,567,878,829,924,778,565,625,683,736,801,491,555,613,670,733,1911,2114,2067,2019,1973
2143,2723,2633,2534,2442,10429,10754,10476,10559,10615,1014,1210,1764,1867,1992,1288,1354,1509,1597,1660,406,10734,10682,10631,10580
292,471,509,594,641,569,800,615,708,753,515,566,612,703,787,472,524,571,679,741,438,822,784,745,704
389,425,477,514,550,10472,10594,10536,10649,10704,458,509,555,644,703,491,538,585,691,743,240,10658,10515,10483,10573
451,500,546,598,643,681,772,726,819,865,514,566,621,720,784,542,579,622,726,792,332,630,545,518,604
631,790,931,860,708,12211,12565,12480,12393,12308,484,554,623,683,750,637,697,748,802,868,2782,10673,10619,10565,10518
518,585,641,701,756,2704,3274,3188,3104,3017,728,866,952,1039,1113,429,700,767,868,952,374,784,738,691,644
467,510,567,632,684,10414,10681,10630,10467,10529,372,650,705,773,836,623,680,729,783,830,257,10703,10643,10591,10539
2886,2947,3005,3064,3129,503,804,758,659,707,1024,1129,1215,1299,1417,2789,2852,2906,2959,3009,406,800,758,716,675
826,885,939,1004,1063,10435,10765,10498,10591,10638,773,859,948,1032,1107,690,770,855,923,998,373,12795,12736,12553,12487
681,927,773,847,1000,599,810,638,725,766,750,817,866,920,968,610,677,731,787,865,2768,2978,2930,2880,2829
1114,1182,1243,1308,1365,10402,10466,10438,10498,10529,444,1043,1109,1270,1330,567,632,694,1840,1913,224,10636,10592,10548,10502
778,966,861,913,1018,466,518,492,544,570,524,653,715,776,852,658,884,956,1020,1080,211,720,681,641,601
738,816,887,952,1016,10445,10624,10478,10505,10538,518,581,649,708,765,638,698,760,830,889,339,10810,10753,10692,10634
529,595,656,722,789,483,619,510,565,591,456,530,603,741,904,483,664,707,742,784,486,928,882,830,781
632,934,993,798,862,10977,11102,11044,11153,11204,596,687,763,842,923,692,806,889,950,1011,986,10787,10727,10675,10613
1662,1743,1810,1870,1935,1162,1435,1212,1499,1551,667,856,1210,1305,1421,2582,2657,2722,2789,2857,278,901,857,808,757
1051,1111,1168,1228,1277,11792,11887,11843,11931,11973,782,848,904,972,1144,713,802,878,956,1024,904,10955,10892,10619,10782
740,813,879,943,1013,3040,3162,3105,3220,3267,470,526,582,739,830,761,930,1006,1070,1283,405,1032,982,745,928
678,748,812,876,942,10775,11112,10839,10905,10956,625,835,918,991,1058,458,840,971,1046,1166,542,11495,11271,11216,11336
1126,1206,1276,1352,1424,927,1183,971,1077,1128,547,904,984,1048,1119,692,820,944,1017,1090,1063,1509,1355,1305,1462
649,735,811,865,933,10826,11173,11099,10896,10960,479,544,607,667,748,594,661,745,808,875,524,10663,10534,10499,10572
655,742,828,902,983,938,1272,1226,1145,1180,564,630,702,760,825,638,700,765,832,893,337,635,542,513,607
754,831,896,955,1050,10611,10816,10760,10652,10688,602,669,730,801,858,545,612,676,744,805,452,10803,10746,10683,10620
542,610,669,916,982,628,820,777,849,879,745,1054,1120,1173,1246,728,794,1019,1088,1154,467,919,876,826,779
1225,1285,1341,1396,1454,12123,12253,12187,12318,12382,538,604,671,745,1037,1041,1176,1248,1311,1364,2314,10887,10825,10760,10692
714,960,1039,1466,1533,2360,2476,2417,2526,2573,497,722,851,990,1062,519,586,670,735,806,528,1021,968,905,852
486,540,588,641,688,11051,11167,11115,11222,11282,1311,1633,1701,1765,1828,770,842,940,1007,1070,635,10964,10708,10650,10775
528,594,654,722,794,1216,1302,1260,1354,1413,1537,1616,1684,1749,1817,789,874,963,1040,1117,486,991,798,733,927
627,699,767,827,894,10625,10753,10708,10818,10882,610,699,766,838,898,482,554,615,686,767,543,10743,10696,10628,10570
651,731,820,892,975,844,939,896,985,1040,557,619,688,751,811,472,523,571,631,694,422,834,791,749,705
598,665,999,1065,1129,10697,10860,10811,10928,10754,541,620,689,752,819,691,814,886,945,1016,443,10939,10681,10626,10785
702,779,838,910,972,893,987,939,1039,1086,1659,1734,1799,1863,1926,511,580,634,691,743,438,964,805,755,909
567,710,793,851,1026,10940,11099,11027,11180,11254,610,682,743,1036,1098,745,1058,1124,1180,1244,843,11097,11042,10987,10931
703,778,847,913,963,1227,1342,1287,1406,1464,603,668,755,830,893,422,517,582,652,717,770,1193,1149,1104,1055
489,607,694,767,839,10933,11072,11006,11131,11198,792,861,928,995,1060,580,751,849,925,986,885,11414,11345,11276,11216
668,747,819,891,962,1168,1273,1221,1325,1378,615,695,790,855,923,512,587,653,731,795,1023,1542,1493,1436,1380
1510,1586,1653,1717,1785,10670,10874,10803,10937,11000,590,786,869,930,989,849,982,1042,1098,1152,633,10725,10675,10625,10575
1935,2008,2640,2727,2797,974,1089,1031,1142,1204,2673,2752,2822,2886,2951,1625,1699,1772,1838,1901,422,826,777,733,681
665,866,921,742,803,10711,10867,10838,10772,10805,526,601,666,730,801,622,687,754,825,886,546,10804,10756,10707,10656
463,524,562,614,669,807,939,897,836,865,661,774,847,908,963,615,680,745,815,885,508,902,859,816,771
628,694,762,826,883,10652,10930,10874,10985,10752,435,558,619,681,746,650,726,812,886,964,813,11308,11242,11176,11112
677,741,821,891,970,732,1059,1005,1112,950,1846,1916,1978,2035,2094,583,656,719,784,840,948,1439,1388,1336,1283
739,823,903,979,1050,10684,10835,10788,10879,10933,1488,1561,1629,1692,1754,735,820,892,959,1035,523,10867,10820,10774,10738
624,790,854,906,960,894,981,938,1025,1067,519,594,663,722,781,543,599,647,704,799,565,878,841,806,776
791,863,934,1063,998,10697,10859,10811,10917,10758,705,760,826,894,948,657,733,886,987,1042,557,11016,10952,10887,10822
800,1092,892,964,1026,879,970,925,1015,1062,601,677,878,1153,1231,559,944,1015,1080,1146,644,1159,1106,1044,986
1542,1618,1682,1736,1792,13177,13448,13374,13509,13243,1117,1201,1262,1316,1373,1118,1188,1242,1294,1351,2713,10655,10620,10584,10694
1039,1343,1430,1499,1551,3174,3535,3483,3586,3429,523,620,783,856,920,874,946,1010,1080,1146,419,688,660,631,720
675,873,749,816,935,10789,11045,10991,10851,10898,687,769,844,915,965,606,675,768,836,907,596,10836,10782,10720,10658
1045,1200,1265,1336,1402,857,1068,1018,1114,1162,683,753,807,857,906,484,695,764,833,888,505,971,920,869,818
825,892,953,1024,1102,10874,11392,10957,11084,11205,744,843,919,1001,1073,533,601,793,887,956,689,11121,11071,11019,10966
1860,2437,2737,3081,3415,1182,1463,1236,1355,1406,3070,3749,3851,3920,3985,2174,2250,2323,2397,2491,800,1229,1182,1134,1085
1701,1808,1931,2026,2161,10907,11194,11139,10965,11026,802,1752,1832,1906,2001,1228,1304,1376,1448,1527,692,10775,10721,10663,10607
628,800,870,712,940,998,1308,1262,1161,1208,948,1019,1217,1324,1417,1142,1205,1556,1635,1705,465,883,836,790,740
537,619,690,754,826,10854,11168,11104,10928,10988,749,812,868,922,984,883,954,1021,1085,1146,825,11527,11462,11392,11316
2763,2984,3342,3663,4016,965,1207,1155,1259,1318,1553,1660,1756,4506,4600,2611,2831,3152,3476,3797,1505,1727,1676,1624,1571
576,647,724,782,861,10945,11196,11151,11019,11088,759,902,973,1035,1114,803,864,922,976,1023,810,10902,10853,10805,10755
809,897,964,1029,1085,1147,1229,1188,1272,1318,1161,1232,1294,1348,1405,1041,1130,1197,1267,1326,604,990,948,904,860
1158,1231,1291,1346,1414,10882,11024,10957,11099,11170,593,665,732,798,870,713,784,849,914,1038,780,11018,10956,10896,10833
677,810,945,1004,1062,1155,1276,1216,1340,1382,990,1077,1164,1248,1320,719,905,966,1022,1072,466,1154,1098,1047,974
757,979,1116,901,1049,11815,12612,12277,12965,13375,751,846,928,1005,1098,945,1038,1119,1191,1245,2123,12185,12118,12041,11960
654,977,891,1104,1225,3442,3548,3500,4192,4246,1389,1562,1654,1725,1787,1310,1388,1448,1508,1578,545,1111,1050,990,934
570,988,1090,1169,1235,10740,10885,10817,10957,11005,884,948,1022,1085,1172,1022,1175,1264,1334,1399,428,14270,14180,14074,13985
851,923,989,1116,1189,966,1090,1029,1655,1569,496,702,771,828,886,794,877,953,1024,1105,1865,3345,3272,2553,2468
718,1042,1102,970,886,12508,14148,13831,14466,13118,526,723,917,1024,1110,1043,1118,1185,1238,1290,1934,10693,10658,10623,10587
754,878,963,1037,1118,3399,5163,4936,5259,4387,632,710,779,853,922,648,725,783,836,896,447,719,691,663,633
1213,2073,1976,1877,1774,10980,11358,11057,11113,11171,2896,2994,3065,3130,3198,2218,2433,2540,2720,2824,626,10886,10824,10756,10685
643,815,896,966,1033,1156,1435,1208,1320,1370,778,853,1099,1168,1226,807,885,952,1146,1210,502,1009,960,910,857
714,811,896,969,1036,11047,11244,11201,11106,11152,802,884,944,1005,1072,713,783,855,922,978,480,11074,11010,10945,10879
558,644,817,906,1060,1187,1370,1237,1279,1323,766,844,906,976,1038,695,869,959,1110,1256,678,1182,1127,1071,1013
676,749,821,879,933,10908,11338,11282,11390,11208,465,536,602,660,726,667,743,808,1040,1095,590,10921,10701,10638,10766
2372,2444,2507,2568,2627,1349,1519,1466,1575,1399,2984,3054,3327,3389,3461,2036,2113,2175,2235,2297,471,949,770,724,894
466,542,712,776,832,10788,10961,10910,11013,10849,704,815,895,957,1016,664,745,838,922,992,301,10881,10813,10752,10682
776,849,912,1104,974,980,1082,1032,1130,1182,711,790,835,890,949,711,789,876,953,1132,334,982,940,891,846
862,990,1048,923,1099,10737,10976,10926,10806,10866,680,737,774,814,849,738,828,900,973,1039,481,10897,10829,10763,10692
546,730,662,958,1035,938,1137,985,1038,1084,1092,1158,1212,1268,1316,947,1041,1114,1181,1240,510,1026,971,917,862
827,890,946,1007,1066,10944,11097,11028,11172,11242,816,883,943,1000,1051,824,900,972,1049,1109,471,10813,10772,10737,10851
1034,1103,1156,1206,1252,1210,1307,1261,1356,1404,562,637,714,778,835,742,816,876,926,978,511,781,753,725,812
663,867,728,794,927,11003,11337,11282,11228,11129,660,754,827,902,965,438,513,656,735,812,474,10839,10779,10723,10666
747,1010,1091,822,882,1309,1503,1459,1363,1410,711,788,849,908,966,1547,1626,1689,1754,1812,500,955,903,854,802
797,865,926,988,1310,12004,13083,13013,12902,12801,1695,1770,1838,1905,1972,1301,1377,1443,1515,1589,685,10835,10682,10647,10744
946,1032,1174,1232,1116,3053,3409,3282,3344,3108,571,634,926,986,1036,484,659,728,785,846,449,768,676,647,739
623,722,790,917,853,10979,11097,11048,11129,11169,318,732,820,890,956,719,795,864,940,1000,535,10946,10890,10838,10788
763,870,948,1007,1066,1111,1170,1141,1201,1229,481,660,742,810,884,735,808,882,965,1026,606,1011,969,926,881
797,870,943,1020,1091,10778,11108,10841,10893,10954,1364,1432,1501,1558,1615,700,778,851,916,981,510,10830,10735,10681,10961
1646,1712,1773,1839,1903,939,1160,979,1069,1113,1485,1570,1640,1703,1769,2003,2075,2130,2184,2253,510,1287,1163,1030,1451
713,789,855,923,987,10804,11046,10986,10872,10927,566,675,749,804,873,801,872,934,1000,1060,463,10831,10776,10721,10664
761,842,917,993,1061,1019,1112,1068,1155,1197,543,773,849,926,995,651,748,830,913,999,490,917,872,826,779
704,883,954,1011,1066,10950,11304,11243,11020,11114,440,542,703,775,857,671,737,892,974,1033,744,10870,10677,10635,10779
888,1094,1160,963,1025,1095,1446,1404,1283,1339,1699,1777,1837,1900,1962,1249,1322,1389,1459,1527,634,826,732,702,797
709,776,861,923,986,10787,11063,10845,10888,10929,1128,1196,1260,1315,1374,755,871,935,999,1058,539,10833,10783,10729,10664
606,683,761,842,906,887,1105,928,1011,1052,609,690,751,832,910,566,638,702,768,848,505,947,895,850,800
713,789,877,943,994,10688,10821,10763,10884,10947,624,696,814,890,952,596,676,753,835,917,476,11185,11132,11071,10996
815,1114,912,983,1046,937,1038,988,1091,1142,498,600,722,786,843,654,731,810,889,975,644,1318,1262,1208,1152
1310,1385,1447,1515,1587,12548,12658,12606,12708,12759,942,1001,1722,1804,1878,887,948,1074,1153,1229,498,10965,10706,10647,10812
1709,1782,1854,1918,1982,2709,2798,2754,2842,2888,2236,2303,2358,2411,2462,747,819,891,951,1012,452,968,823,775,924
649,800,858,908,737,11134,11260,11203,11317,11375,606,695,768,831,893,531,594,657,707,755,540,10852,10797,10741,10685
554,646,710,775,855,1314,1423,1371,1471,1521,522,594,654,720,783,474,537,603,671,740,511,953,905,853,801
703,779,847,923,999,11541,11646,11596,11705,11759,558,677,753,827,892,716,806,887,974,1051,494,10832,10797,10761,10722
1258,1319,1380,1446,1502,1873,1970,1923,2017,2069,1526,1595,1651,1701,1758,792,866,940,1012,1077,398,876,849,820,789
1043,1105,1180,1241,1310,10708,11001,10769,10830,10889,1061,1151,1222,1287,1363,784,861,922,981,1043,552,10790,10740,10690,10638
865,959,1034,1096,1160,835,991,867,929,958,545,640,716,785,846,696,777,882,967,1033,314,882,839,795,751
1156,1233,1302,1374,1441,10857,11164,11101,10926,10988,713,776,837,912,987,655,719,785,852,910,663,10884,10825,10766,10700
1236,1308,1370,1424,1486,950,1181,1132,1232,1282,1811,1877,1932,1988,2057,855,940,1012,1075,1136,519,1008,953,899,845
681,736,772,818,852,11421,11561,11493,11623,11684,814,887,952,1009,1065,643,741,819,894,972,426,11024,10807,10756,10892
1060,1145,1223,1283,1340,1658,1769,1712,1836,1900,863,942,1006,1069,1137,755,889,963,1024,1104,503,956,817,776,926
771,835,905,964,1029,10690,10945,10910,10752,10808,499,769,843,916,980,803,870,930,998,1057,512,10884,10816,10753,10688
2077,2145,2214,2288,2362,787,983,954,889,918,2613,2707,2776,2839,2898,945,1028,1100,1173,1237,518,1030,974,919,861
1129,1208,1280,1355,1433,10868,11259,11192,10991,11060,1500,1541,1577,1617,1673,1085,1175,1247,1318,1382,742,10867,10821,10767,10717
789,973,1046,1108,1170,1035,1369,1325,1225,1273,598,685,745,802,857,419,580,657,842,914,542,930,889,847,804
875,960,1032,1099,1163,10657,10900,10715,10761,10808,719,797,863,928,990,503,709,778,843,908,471,10870,10811,10749,10685
692,758,878,938,990,762,927,876,969,1013,869,941,998,1054,1105,574,666,738,800,857,513,983,934,885,836
1688,1756,1816,1873,1931,10680,10897,10837,10972,10773,759,832,897,964,1028,1397,1464,1528,1597,1663,467,10789,10633,10596,10698
967,1045,1115,1178,1255,942,1061,1003,1116,1165,1743,1837,1910,1984,2050,2098,2175,2243,2311,2383,400,727,632,603,698
428,637,731,809,882,10566,10906,10852,10792,10683,753,809,848,891,932,668,735,786,834,889,307,10878,10826,10773,10718
492,682,811,610,743,871,977,924,1029,1084,579,645,783,854,917,750,818,877,939,977,555,975,929,884,837
478,741,822,622,551,11640,11743,11695,11790,11837,784,872,953,1041,1124,823,888,956,1028,1081,517,10901,10845,10787,10732
1966,2044,2111,2180,2251,2493,2628,2566,2687,2745,1636,1714,1775,1831,1890,2374,2445,2508,2571,2630,398,1012,961,911,861
998,1076,1137,1192,1247,10751,11188,10840,10919,10984,853,925,1011,1081,1144,712,792,853,918,983,453,10847,10789,10730,10668
511,747,828,882,940,969,1265,1034,1156,1209,827,971,1050,1121,1182,981,1050,1121,1190,1274,495,946,900,855,809
694,778,840,896,948,10671,10829,10762,10898,10975,506,660,733,800,876,1065,1127,1182,1235,1294,512,10927,10863,10798,10729
671,750,1171,816,881,959,1078,1023,1118,1159,816,893,959,1034,1226,551,758,835,915,980,552,1045,995,944,894
429,813,874,593,741,10768,10899,10838,10969,11036,928,978,1015,1049,1089,632,699,763,832,894,431,10822,10773,10723,10672
755,950,1027,1085,1149,1017,1133,1075,1193,1248,587,659,731,810,882,617,691,765,855,942,510,866,838,809,776
686,759,816,878,934,10750,11049,10991,10807,10868,877,1043,1107,1174,1241,855,942,1019,1098,1168,554,10825,10774,10721,10667
1002,1072,1123,1171,1219,837,1161,1116,1012,1064,1547,1608,1664,1719,1781,1057,1127,1191,1248,1294,493,915,869,823,776
812,960,1013,886,1071,11316,11451,11392,11503,11581,646,711,768,820,874,825,894,948,1014,1065,534,10869,10805,10739,10678
1250,1336,1407,1486,1563,1548,1651,1602,1704,1758,1613,1676,1729,1778,1838,1043,1207,1255,1291,1330,515,980,927,878,831
504,597,668,737,810,10744,10972,10901,11040,10823,748,835,934,999,1050,607,673,735,790,844,543,10970,10907,10840,10774
581,680,749,822,897,1020,1166,1083,1245,1304,894,1022,1097,1175,1241,1032,1111,1188,1274,1344,594,1095,1043,992,939
804,867,920,975,1027,11030,11174,11102,11235,11306,1669,1733,1791,1845,1898,2139,2198,2254,2318,2383,528,10698,10664,10628,10739
492,551,609,677,742,1272,1379,1328,1430,1483,1776,1859,1927,2001,2064,1907,1985,2049,2120,2181,447,744,696,647,794
484,725,787,653,850,10755,11148,10825,10908,10970,451,515,564,617,664,571,631,687,744,807,495,11092,11024,10967,10907
536,594,652,705,757,945,1222,998,1112,1164,639,711,783,850,918,710,776,837,912,978,713,1200,1155,1102,1041
863,1433,1328,1211,979,12038,12162,12105,12219,12274,507,1106,1637,1867,1971,1745,2072,2177,2285,2475,727,10903,10833,10763,10692
536,827,884,697,760,2223,2306,2265,2347,2390,513,579,637,687,736,745,831,890,949,1013,512,1048,991,935,875
626,876,702,754,814,11486,11861,11621,11677,11556,697,792,870,958,1029,707,780,854,920,980,517,10965,10900,10839,10777
636,799,868,932,719,1638,1937,1695,1817,1875,601,683,748,823,893,709,775,844,914,985,600,1062,1031,990,940
625,830,913,694,756,10851,11086,11016,11160,10932,518,650,720,800,892,657,726,799,884,952,466,11127,11067,11006,10950
1878,2286,2185,2088,1986,1137,1242,1196,1374,1424,733,1379,1547,1649,1749,2367,2481,2587,2689,2808,759,1208,1159,1112,1061
561,628,703,772,832,11194,11523,11248,11335,11386,616,691,761,824,884,726,805,869,929,994,447,10804,10770,10733,10842
731,805,849,890,927,1344,1561,1386,1476,1517,453,543,617,676,741,577,648,728,795,865,505,771,744,713,803
608,758,682,833,904,10546,10666,10608,10723,10779,547,628,720,806,884,714,807,948,1010,1078,756,10826,10753,10691,10634
845,927,994,1057,1126,747,840,794,886,933,529,902,981,1058,1126,923,1049,1144,1231,1316,465,962,905,853,798
786,1182,1086,992,893,10487,10607,10549,10665,10722,1801,1906,2003,2182,2280,1281,1387,1488,1588,1687,435,10874,10817,10759,10701
613,856,912,728,788,687,788,737,838,887,546,613,675,743,803,632,698,761,834,898,550,991,948,903,853
503,571,629,680,733,10550,10691,10622,10750,10813,608,668,776,842,907,500,575,736,790,841,274,10866,10802,10739,10674
604,680,743,812,870,790,893,838,941,985,739,808,877,945,1005,557,647,721,794,875,508,998,947,894,841
826,1348,1405,1007,922,12193,12609,12510,12410,12307,1440,1499,1596,1698,1823,1129,1200,1257,1320,1378,782,10750,10716,10681,10788
1340,1418,1477,1534,1591,2620,3008,2911,2816,2718,1361,1465,1572,1677,1786,728,923,1018,1110,1201,492,756,727,698,788
607,792,714,853,910,10381,10698,10642,10484,10540,722,797,855,908,972,527,588,658,722,786,415,10881,10706,10649,10789
589,702,753,813,648,514,804,760,667,712,691,768,841,911,967,706,751,788,827,861,413,817,722,693,788
504,587,655,721,787,10514,10637,10577,10694,10752,656,725,797,859,916,537,606,676,752,817,470,10762,10728,10691,10800
855,1101,931,989,1043,715,812,764,860,908,515,873,945,1066,1135,953,1092,1186,1273,1481,511,782,754,726,813
896,1100,1165,969,1037,10439,10716,10664,10532,10570,534,912,981,1119,1193,1001,1144,1249,1347,1441,511,10990,10932,10660,10820
1026,1153,1216,1281,1339,529,828,784,675,722,1702,1768,1827,1883,1946,696,809,915,1018,1122,449,1065,1016,787,958
1298,1553,1611,1669,1729,10537,10668,10601,10729,10792,758,834,898,963,1025,763,877,983,1082,1177,381,11124,11055,10943,11008
271,508,570,628,688,767,878,824,934,990,505,571,637,698,765,484,553,616,678,745,726,1256,1204,1150,1100
826,1078,1145,1205,931,11025,11171,11094,11246,11310,263,524,591,654,718,625,725,822,911,1008,519,11028,10764,10711,10876
498,572,642,709,787,1283,1391,1339,1442,1491,591,674,742,808,883,541,614,684,754,829,482,1016,851,802,966
274,531,592,644,700,10519,10632,10576,10690,10747,529,593,643,692,746,535,608,672,746,801,430,10885,10827,10603,10715
241,464,516,567,623,704,798,753,842,887,295,526,565,600,640,602,667,725,782,844,409,958,914,692,865
510,581,646,711,781,43178,42763,42873,42978,43077,569,639,705,771,843,537,609,676,743,811,505,43391,43332,43257,43128
