Client_0,Client_1,Client_2,Client_3,Client_4,Client_5,Client_6,Client_7,Client_8,Client_9
693,747,795,841,888,934,981,1027,1120,1179
764,818,866,914,962,1043,1108,1151,1242,1300
956,1019,1074,1126,1178,1227,1279,1332,1384,1436
497,535,579,635,679,808,859,910,943,980
1729,1895,2057,2259,2399,2528,3095,3264,3432,3633
1736,1933,2118,2293,2468,2642,3211,3390,3564,3772
1918,2186,2454,2853,3168,3627,4193,5825,7375,7762
10258,11232,11502,11774,12026,12280,12537,12786,13026,13271
4849,5036,5201,5370,5543,5718,5881,6078,6249,6451
1826,1978,2113,2248,2377,2504,2904,3024,3131,3307
2643,2851,3049,3236,3410,3580,3748,3916,4088,4257
1934,2079,2209,2341,2471,2598,2724,2852,2998,3116
1738,1849,1949,2042,2135,2231,2328,2424,2523,2618
1259,1341,1416,1491,1565,1639,1713,1788,1871,1935
1177,1242,1303,1364,1430,1496,1559,1622,1687,1751
1084,1160,1235,1306,1377,1448,1520,1593,1663,1734
1154,1233,1307,1381,1451,1520,1588,1659,1717,1777
720,780,832,881,933,987,1037,1093,1148,1219
518,578,639,694,746,949,997,1049,1099,1163
1052,1123,1179,1232,1279,1324,1375,1412,1444,1491
836,879,929,978,1026,1074,1123,1171,1218,1277
500,843,607,891,938,985,1032,1079,1126,1183
1181,1262,1342,1420,1496,1573,1650,1726,1804,1874
660,773,851,928,974,1018,1059,1179,1222,1274
756,835,908,984,1049,1115,1179,1449,1512,1571
934,1008,1068,1130,1187,1244,1301,1458,1512,1582
673,732,788,840,887,931,976,1109,1154,1208
802,856,904,950,996,1041,1087,1132,1177,1312
712,1159,1216,1275,1331,1384,1439,1494,1547,1614
548,608,664,718,776,841,903,1052,1122,1235
610,665,718,772,818,870,927,1069,1122,1186
489,533,582,631,680,728,895,945,994,1053
667,719,769,821,871,925,978,1030,1081,1144
1004,1058,1105,1154,1200,1246,1291,1333,1378,1424
528,584,617,662,910,956,996,1043,1075,1125
483,804,584,849,892,935,979,1026,1073,1120
383,701,473,519,735,784,824,873,921,972
491,736,788,840,886,937,986,1037,1087,1145
825,888,947,1007,1064,1118,1173,1229,1284,1347
540,600,649,690,732,901,950,1001,1053,1119
456,514,567,619,865,918,972,1028,1080,1140
558,597,649,702,749,801,1010,1059,1115,1172
686,744,798,853,907,972,1027,1081,1182,1247
917,971,1018,1063,1107,1150,1194,1238,1281,1324
1001,1078,1150,1221,1291,1350,1405,1459,1514,1565
512,570,617,664,715,767,978,1034,1087,1150
695,756,809,861,912,969,1168,1225,1277,1344
1149,1221,1275,1324,1368,1413,1457,1512,1557,1602
705,752,794,845,895,945,995,1045,1141,1202
558,927,628,680,981,1033,1086,1139,1192,1258
1148,1507,1426,1338,1249,1593,1697,1815,1897,1954
560,598,629,660,691,721,751,781,811,849
615,653,810,844,886,923,972,1022,1071,1131
543,829,617,658,873,933,986,1036,1081,1140
1177,1232,1288,1343,1390,1435,1477,1523,1570,1613
482,748,550,582,789,828,877,925,975,1034
472,705,542,745,794,842,891,939,986,1047
668,724,772,830,878,925,971,1018,1070,1137
711,760,804,850,896,941,983,1027,1068,1121
647,715,772,825,878,931,984,1134,1186,1242
482,809,540,570,862,915,964,1018,1070,1124
480,746,566,778,825,856,904,949,999,1064
593,641,686,729,773,817,860,904,947,1001
604,662,716,752,785,817,883,916,948,988
1126,1507,1414,1324,1231,1602,1692,1787,1885,1979
631,672,706,738,770,803,929,964,996,1037
449,753,515,576,796,851,905,959,1014,1079
466,717,542,760,814,867,919,982,1035,1088
451,716,531,754,791,827,863,906,942,978
1117,1208,1290,1368,1446,1524,1602,1677,1748,1834
740,811,877,961,1039,1116,1191,1262,1448,1527
818,892,972,1042,1109,1176,1241,1419,1487,1567
1267,1361,1438,1515,1590,1666,1742,1816,1890,1956
1297,1373,1436,1497,1557,1616,1677,1743,1833,1903
906,966,1034,1101,1167,1234,1300,1365,1432,1497
602,1090,1159,744,1226,1293,1358,1425,1491,1573
893,981,1059,1137,1211,1273,1333,1536,1606,1686
1399,1487,1560,1642,1713,1784,1853,1921,1991,2059
922,1001,1080,1153,1228,1303,1379,1441,1510,1588
1229,1298,1355,1409,1465,1519,1573,1629,1682,1735
1333,1425,1512,1596,1676,1765,1851,1935,2014,2114
702,779,869,938,1006,1074,1140,1347,1417,1505
857,920,981,1041,1105,1168,1211,1252,1334,1387
517,1041,635,706,1091,1132,1173,1214,1254,1305
504,835,584,627,878,918,959,1003,1051,1101
795,885,966,1049,1131,1212,1294,1514,1594,1693
719,789,852,920,980,1036,1236,1431,1492,1549
425,742,786,827,867,907,947,987,1027,1077
961,1037,1107,1175,1243,1311,1379,1448,1591,1676
577,1235,1306,1375,838,1442,1509,1576,1644,1726
858,942,1017,1077,1136,1211,1293,1523,1607,1708
794,875,946,1013,1090,1166,1233,1426,1500,1585
598,995,701,757,1065,1133,1191,1254,1322,1409
542,832,625,875,916,957,998,1039,1088,1130
439,758,800,551,840,880,920,959,999,1049
691,762,827,895,964,1025,1237,1414,1480,1543
1406,1488,1554,1615,1677,1740,1803,1864,1929,1991
477,803,844,591,886,926,966,1006,1045,1101
982,1049,1107,1162,1215,1270,1415,1491,1551,1611
857,907,953,996,1041,1080,1121,1161,1202,1254
792,868,933,995,1055,1116,1346,1409,1471,1546
1327,1407,1467,1527,1589,1649,1709,1769,1827,1885
431,752,794,543,835,878,921,960,1000,1050
792,871,935,979,1024,1092,1162,1229,1304,1368
497,828,579,620,897,958,1016,1077,1138,1211
1287,1373,1444,1508,1570,1628,1689,1755,1818,1884
1348,1433,1505,1579,1648,1720,1790,1860,1922,1983
521,891,605,650,942,1008,1076,1138,1222,1295
583,942,704,1008,1074,1142,1190,1256,1306,1382
821,912,984,1053,1120,1187,1434,1506,1580,1680
1277,1366,1446,1520,1592,1666,1739,1814,1889,1975
880,967,1048,1125,1213,1287,1348,1513,1684,1748
599,964,680,724,1013,1062,1114,1180,1246,1326
637,994,719,761,1045,1111,1186,1269,1329,1412
581,633,675,884,926,967,1007,1048,1096,1136
929,1153,1227,1289,1345,1736,1811,1873,1933,1995
1279,1371,1457,1538,1623,1705,1787,1872,1954,2034
601,1103,1264,1166,1211,1319,1371,1423,1490,1555
634,949,726,1005,1073,1140,1207,1273,1338,1401
596,1115,1181,785,1251,1298,1342,1386,1430,1474
795,887,976,1052,1131,1205,1476,1549,1662,1752
1325,1399,1466,1527,1596,1665,1731,1800,1867,1934
596,929,677,719,971,1011,1065,1116,1167,1247
884,954,1012,1075,1134,1189,1245,1301,1356,1425
594,649,695,738,781,981,1028,1070,1111,1163
1383,1468,1538,1606,1672,1738,1805,1872,1960,2042
1278,1365,1447,1526,1595,1667,1735,1811,1885,1957
535,826,618,870,911,951,992,1032,1073,1123
647,982,731,774,1025,1066,1107,1172,1241,1326
859,950,1027,1099,1167,1447,1527,1594,1670,1735
866,976,1058,1142,1223,1303,1381,1592,1671,1761
513,886,957,650,1021,1083,1154,1215,1274,1347
533,1047,676,747,813,1104,1166,1226,1295,1373
951,1023,1085,1146,1207,1266,1327,1387,1447,1642
1353,1444,1526,1606,1685,1764,1842,1919,2001,2078
599,648,690,730,935,977,1017,1058,1098,1149
767,850,917,964,1022,1075,1143,1211,1293,1371
564,875,656,945,1011,1077,1145,1211,1290,1356
1221,1293,1352,1408,1464,1527,1581,1634,1687,1738
1225,1302,1370,1435,1521,1589,1646,1702,1757,1811
855,931,1001,1068,1137,1205,1273,1476,1548,1632
1032,1108,1178,1246,1316,1384,1455,1525,1685,1775
858,929,988,1044,1105,1162,1226,1395,1460,1539
1280,1362,1440,1500,1564,1622,1680,1737,1793,1847
511,577,630,682,731,785,940,975,1005,1046
448,708,512,543,740,772,802,832,862,900
735,802,859,911,964,1016,1068,1228,1286,1363
797,857,910,973,1028,1080,1133,1185,1297,1365
1237,1321,1394,1464,1534,1605,1678,1748,1818,1887
704,768,805,836,884,923,973,1005,1087,1145
721,758,808,842,889,923,978,1037,1090,1144
775,859,915,950,999,1052,1107,1161,1268,1334
670,729,781,833,885,936,987,1143,1197,1260
1222,1302,1378,1451,1524,1596,1669,1740,1809,1881
516,766,579,611,799,829,860,891,922,960
524,561,593,747,778,808,837,867,896,933
456,782,833,573,890,944,998,1045,1085,1140
497,553,602,653,686,860,892,940,989,1044
906,978,1047,1113,1178,1246,1312,1380,1447,1592
431,471,503,533,690,722,753,784,813,851
424,460,493,523,676,707,738,767,796,833
589,945,998,1048,1094,1140,1186,1230,1275,1330
600,637,669,700,730,760,790,821,851,890
675,742,812,869,929,988,1149,1209,1269,1340
440,807,851,894,591,937,979,1021,1074,1128
522,559,589,749,780,810,841,871,902,937
622,672,718,763,806,862,911,958,1001,1054
514,551,581,612,769,801,833,864,895,934
638,700,753,809,872,939,1112,1169,1225,1292
439,485,526,576,823,874,925,975,1025,1086
475,519,559,609,889,946,1000,1047,1093,1149
690,758,815,869,922,975,1027,1083,1198,1273
579,631,677,721,765,890,935,979,1022,1078
552,605,657,716,769,818,999,1050,1101,1156
576,613,645,675,705,837,868,898,928,966
499,535,566,597,638,865,912,958,1004,1060
549,608,671,719,771,967,1022,1072,1125,1180
894,954,1008,1059,1109,1158,1208,1258,1307,1356
881,938,990,1039,1089,1138,1188,1238,1294,1360
560,598,653,690,870,907,954,1003,1058,1125
791,856,909,955,1001,1047,1092,1136,1229,1285
674,730,774,820,866,918,962,1008,1063,1109
584,644,693,735,776,817,858,975,1120,1170
954,1020,1088,1140,1185,1235,1284,1331,1380,1423
460,678,522,710,743,773,804,834,865,903
472,509,539,570,729,761,793,840,870,906
490,718,554,750,782,812,843,874,904,943
590,664,710,753,796,838,991,1122,1185,1234
591,652,702,749,795,842,1008,1184,1237,1287
686,742,793,843,893,943,993,1042,1145,1207
468,967,1029,646,704,1089,1141,1198,1263,1322
511,749,579,784,818,849,883,915,948,990
639,701,757,811,865,919,972,1117,1172,1237
624,694,754,805,856,912,1096,1156,1220,1268
434,709,502,537,744,778,811,844,878,919
521,849,619,909,960,1010,1066,1128,1185,1251
582,639,692,733,909,945,996,1032,1065,1107
624,691,751,815,878,1200,1272,1336,1394,1445
785,860,921,984,1041,1102,1161,1219,1283,1362
520,806,611,848,904,958,1011,1069,1128,1200
764,833,896,956,1015,1072,1132,1378,1441,1517
644,712,751,786,846,905,963,1017,1072,1202
644,718,786,852,918,981,1055,1194,1323,1404
607,683,753,816,882,943,1154,1220,1283,1357
489,733,557,769,826,868,904,938,970,1012
512,867,589,648,929,987,1046,1106,1166,1231
478,826,861,612,651,895,929,963,996,1038
955,1048,1139,1223,1308,1391,1475,1555,1636,1812
1352,1433,1508,1578,1651,1727,1798,1870,1939,2011
492,732,558,768,803,836,869,910,943,976
761,825,882,941,995,1046,1107,1169,1230,1293
461,915,557,597,652,970,1027,1083,1142,1207
735,808,880,974,1059,1143,1226,1479,1564,1650
465,528,585,640,696,926,981,1036,1086,1181
516,557,591,781,825,879,926,971,1006,1050
1125,1198,1264,1329,1395,1459,1524,1602,1668,1733
718,796,868,931,998,1064,1130,1297,1363,1441
576,1135,1195,734,1258,1345,1403,1623,1692,1753
463,857,541,585,914,969,1024,1080,1135,1201
668,738,800,865,930,998,1228,1297,1390,1491
532,827,627,882,935,987,1046,1115,1175,1234
513,887,606,923,963,1014,1063,1121,1180,1254
650,711,764,815,865,925,1140,1197,1251,1302
429,765,802,526,563,837,871,904,937,979
1286,1376,1464,1546,1628,1710,1792,1876,1957,2041
612,664,709,752,808,863,918,973,1084,1153
454,706,753,798,856,910,961,1010,1060,1121
786,861,918,975,1032,1094,1154,1215,1329,1396
493,887,944,598,1013,1078,1141,1203,1266,3870
1324,1410,1487,1587,1755,1939,2168,2402,2606,2831
714,770,820,871,920,970,1020,1070,1172,1234
469,736,771,564,805,840,874,908,948,982
401,671,705,496,738,771,805,839,874,916
517,758,585,797,833,867,900,941,975,1008
1285,1373,1463,1523,1572,1621,1668,1714,1764,1812
514,796,582,619,832,866,900,933,966,1010
602,1033,705,762,1092,1162,1222,1280,1333,1414
533,581,625,668,724,780,834,984,1039,1107
654,719,775,827,882,940,1010,1162,1223,1291
668,738,803,871,935,998,1062,1232,1289,1360
483,523,560,616,855,900,956,1012,1067,1134
478,743,787,835,877,912,945,986,1020,1053
694,762,821,1023,1107,1172,1230,1283,1337,1401
1127,1205,1276,1346,1416,1486,1555,1624,1694,1764
624,694,761,827,895,984,1311,1386,1462,1536
506,746,573,782,816,850,882,915,948,989
515,871,908,660,943,977,1011,1045,1079,1122
397,768,806,542,840,874,908,941,975,1016
1239,1325,1405,1483,1560,1639,1716,1794,1876,1954
1378,1474,1566,1649,1742,1833,1920,2000,2084,2174
496,965,1029,612,664,1091,1153,1214,1274,1349
634,939,710,748,979,1017,1054,1090,1127,1173
513,973,1055,674,1131,1203,1277,1350,1431,1509
1237,1339,1429,1506,1586,1664,1743,1821,1899,1977
1068,1151,1242,1326,1404,1483,1572,1659,1745,1831
717,776,830,883,933,986,1037,1103,1208,1274
523,791,597,830,867,904,942,987,1023,1058
818,892,961,1027,1091,1155,1224,1292,1438,1532
1247,1333,1412,1490,1567,1646,1729,1808,1888,1983
854,937,1020,1088,1155,1221,1286,1483,1550,1626
775,848,915,984,1049,1116,1183,1248,1314,1393
604,658,719,774,838,902,1121,1188,1254,1320
808,879,949,1016,1079,1149,1218,1281,1346,1429
709,777,838,897,956,1014,1072,1239,1309,1398
688,765,834,898,959,1178,1242,1300,1361,1434
706,765,816,868,918,969,1021,1072,1124,1187
486,753,560,792,829,865,903,940,976,1024
607,653,690,728,764,802,905,943,981,1027
708,781,860,933,1005,1075,1139,1329,1404,1492
710,784,849,919,983,1053,1280,1352,1415,1492
819,876,927,977,1029,1078,1129,1180,1232,1310
601,1012,696,737,1066,1128,1192,1255,1318,1396
547,939,998,1054,1111,1151,1189,1226,1263,1311
730,814,882,948,1009,1070,1298,1366,1433,1514
780,871,945,1003,1066,1130,1190,1375,1443,1525
532,800,608,840,878,918,956,994,1031,1077
514,974,618,684,1017,1073,1132,1182,1220,1295
436,744,511,550,783,820,858,894,931,977
801,876,941,1006,1078,1145,1376,1441,1507,1593
701,774,837,903,973,1038,1267,1331,1390,1470
622,676,739,800,862,923,984,1045,1164,1238
859,944,1012,1087,1158,1240,1316,1391,1460,1527
521,828,596,635,867,905,943,981,1018,1064
1247,1324,1389,1451,1513,1573,1633,1694,1754,1814
1200,1287,1359,1430,1502,1563,1620,1682,1742,1799
716,778,846,903,958,1013,1067,1123,1235,1304
482,947,1003,656,1058,1113,1167,1220,1274,1342
754,836,909,983,1059,1134,1208,1413,1492,1582
518,822,865,626,904,942,983,1020,1066,1103
558,860,631,670,899,937,974,1011,1056,1093
522,1062,652,715,1129,1206,1284,1353,1415,1492
1921,2089,2260,2428,2591,2751,2894,3080,3269,3525
1701,1888,2058,2222,2397,2577,3553,3753,3906,4050
1758,1949,2124,2299,2458,2637,3693,3886,4049,4237
3246,3450,3802,4168,4489,4694,4891,5092,5443,5817
1964,2119,2261,2398,2536,2680,2822,2967,3112,3279
1224,1347,1452,1557,1661,1767,1867,2179,2290,2414
1022,1121,1204,1288,1370,1456,1539,1618,1792,1898
732,802,869,933,997,1308,1382,1449,1511,1571
1103,1172,1226,1277,1327,1379,1432,1496,1565,1623
569,624,671,721,770,954,1000,1044,1087,1141
501,538,567,720,749,780,811,840,869,906
412,448,478,508,538,567,672,702,732,793
668,735,795,854,913,972,1030,1186,1245,1312
509,567,621,674,727,779,954,1007,1061,1121
510,559,600,771,801,850,896,928,974,1009
472,861,567,616,913,968,1046,1103,1144,1192
484,521,679,710,740,771,800,829,859,896
1025,1081,1129,1174,1218,1261,1308,1357,1404,1448
426,462,493,522,672,708,737,766,796,832
500,537,588,756,787,834,881,929,981,1045
468,505,537,567,596,723,770,819,867,925
563,851,660,888,944,996,1047,1099,1156,1226
1255,1327,1393,1458,1519,1580,1639,1699,1760,1820
589,638,696,757,808,864,1068,1132,1189,1266
538,910,639,695,952,1011,1071,1113,1172,1241
547,996,673,1042,1080,1117,1176,1234,1300,1361
601,1148,719,768,1222,1348,1444,1542,1650,1748
1049,1147,1230,1313,1396,1476,1552,1776,1860,1959
934,989,1038,1086,1133,1179,1341,1406,1456,1515
686,740,788,833,878,924,1084,1130,1178,1235
559,928,976,689,1025,1072,1118,1186,1233,1323
1042,1130,1208,1286,1365,1449,1532,1615,1784,1887
857,962,1059,1143,1220,1305,1574,1664,1743,1843
852,946,1035,1112,1189,1266,1559,1640,1717,1829
628,1364,802,883,959,1451,1544,1621,1702,1804
678,1273,822,895,1349,1412,1495,1576,1658,1759
961,1060,1150,1223,1297,1366,1621,1877,1958,2027
1428,1528,1617,1712,1799,1896,1986,2072,2157,2251
985,1075,1161,1243,1320,1397,1473,1704,1784,1884
1033,1127,1212,1297,1382,1464,1548,1624,1785,1871
623,1171,1240,810,1307,1374,1440,1507,1575,1659
1383,1460,1523,1584,1645,1706,1767,1827,1907,1969
958,1057,1144,1233,1325,1414,1506,1745,1842,1944
1047,1146,1243,1333,1425,1513,1601,1710,1784,1869
780,855,920,987,1052,1115,1178,1356,1420,1499
532,1126,1194,1257,1325,1408,1477,1544,1611,1680
847,930,1005,1465,1547,1621,1691,1762,1832,1901
1538,1635,1720,1813,1888,1968,2056,2144,2230,2322
1343,1429,1500,1569,1639,1708,1778,1848,1917,1987
980,1057,1129,1197,1263,1332,1579,1653,1724,1793
699,778,847,911,976,1054,1098,1251,1308,1376
367,704,764,825,877,937,1020,1083,1145,1232
1206,1273,1322,1371,1417,1463,1509,1556,1602,1648
478,521,557,593,627,675,874,932,988,1054
739,807,871,911,947,995,1040,1204,1264,1336
754,809,867,932,998,1059,1123,1185,1235,1306
847,924,991,1056,1120,1186,1250,1316,1447,1527
773,855,926,996,1066,1134,1203,1395,1470,1550
514,864,590,910,966,1021,1076,1130,1185,1252
548,597,641,696,967,1025,1081,1137,1192,1247
725,799,854,905,961,1015,1069,1131,1186,1258
637,700,756,818,872,930,995,1161,1348,1419
610,681,747,812,872,936,1127,1194,1260,1326
507,751,576,786,821,855,890,923,956,1001
519,760,586,796,830,863,896,929,962,1005
661,723,779,835,889,943,997,1155,1208,1273
745,810,866,923,979,1044,1102,1264,1321,1395
743,803,861,913,963,1011,1144,1192,1240,1301
698,765,838,894,936,983,1039,1099,1213,1288
530,590,640,687,886,924,979,1036,1095,1166
592,659,719,779,843,888,945,1172,1234,1312
862,949,1026,1092,1155,1219,1448,1516,1585,1672
856,939,1016,1095,1175,1245,1326,1534,1608,1690
473,813,857,592,900,941,983,1024,1064,1117
628,928,712,972,1017,1059,1102,1144,1185,1238
1026,1096,1161,1231,1318,1367,1418,1491,1567,1659
921,1010,1095,1179,1260,1343,1425,1509,1675,1756
768,857,936,1010,1080,1152,1418,1488,1555,1644
614,937,707,993,1063,1132,1202,1270,1338,1422
547,902,973,675,1043,1111,1180,1249,1317,1400
821,914,998,1084,1165,1245,1506,1589,1674,1776
875,962,1040,1115,1189,1273,1351,1566,1641,1733
658,831,934,1018,1095,1380,1454,1533,1603,1690
999,1094,1167,1235,1301,1367,1433,1500,1565,1647
1099,1195,1265,1334,1402,1481,1565,1636,1708,1781
990,1074,1148,1215,1280,1328,1371,1414,1456,1511
631,970,1014,748,1056,1096,1138,1179,1218,1272
902,978,1049,1118,1187,1255,1322,1395,1465,1595
1388,1465,1526,1585,1644,1718,1790,1863,1930,1990
1175,1257,1306,1348,1391,1433,1617,1661,1702,1753
1295,1391,1470,1546,1615,1684,1753,1822,1890,1958
1444,1523,1590,1652,1717,1781,1841,1904,1967,2030
920,993,1057,1115,1177,1239,1301,1363,1425,1500
705,770,828,889,950,1011,1181,1243,1306,1380
709,782,844,905,966,1026,1246,1309,1373,1457
1397,1477,1544,1605,1667,1734,1795,1855,1922,2004
529,871,915,651,958,1000,1043,1084,1128,1182
638,1225,1299,843,1375,1449,1512,1581,1659,1749
620,682,753,822,891,960,1145,1215,1284,1381
803,897,979,1056,1141,1226,1314,1540,1626,1729
766,852,928,1006,1082,1170,1432,1507,1583,1675
572,944,696,996,1063,1131,1205,1270,1341,1431
946,1019,1087,1154,1226,1304,1370,1441,1520,1619
550,895,938,671,981,1023,1065,1107,1149,1201
1299,1387,1460,1531,1606,1681,1750,1811,1873,1934
1357,1432,1502,1565,1626,1693,1752,1815,1879,1956
657,893,966,1037,1103,1168,1240,1318,1393,1467
784,867,940,1009,1077,1144,1213,1407,1476,1559
1151,1233,1305,1375,1447,1518,1593,1676,1842,1932
1425,1563,1690,1815,1939,2064,2186,2314,2452,2589
1773,1862,1940,2011,2077,2144,2208,2283,2353,2423
638,1270,767,839,910,1349,1421,1497,1683,1781
1009,1105,1197,1313,1443,1531,1613,1695,1840,1941
821,972,1053,1128,1491,1557,1620,1689,2128,2543
752,833,914,985,1059,1134,1392,1466,1538,1625
825,887,957,1022,1086,1150,1219,1285,1429,1521
644,1101,776,845,1154,1220,1290,1352,1421,1486
564,896,639,968,1038,1113,1179,1254,1329,1426
475,948,1030,625,1083,1125,1166,1207,1251,1332
1599,1712,1805,1901,1991,2081,2173,2265,2354,2464
1509,1613,1707,1813,1920,2026,2116,2207,2297,2387
600,651,693,736,949,993,1035,1077,1119,1170
517,928,988,1060,1130,1199,1273,1348,1426,1520
594,925,969,709,1013,1055,1099,1158,1212,1297
856,963,1074,1177,1269,1362,1453,1859,1953,2044
1406,1486,1560,1633,1711,1789,1864,1941,2018,2116
549,892,631,675,936,978,1021,1063,1105,1191
803,883,961,1032,1104,1172,1243,1319,1469,1563
881,957,1021,1085,1169,1241,1308,1373,1440,1523
1437,1510,1572,1632,1690,1748,1805,1863,1922,1979
1263,1337,1396,1455,1512,1571,1629,1688,1746,1804
524,1019,640,708,777,1087,1152,1220,1297,1387
923,995,1063,1129,1194,1444,1516,1582,1650,1714
1294,1375,1439,1506,1568,1633,1701,1761,1824,1884
668,746,802,870,940,1245,1312,1385,1456,1545
533,1043,1108,707,1171,1233,1295,1358,1419,1495
802,883,966,1050,1127,1205,1289,1510,1595,1697
1445,1529,1595,1669,1732,1796,1856,1920,1991,2074
592,1103,716,786,853,1185,1260,1338,1401,1480
741,801,855,914,967,1019,1078,1147,1206,1272
634,695,750,800,848,896,1034,1085,1248,1301
1390,1456,1509,1559,1609,1659,1709,1758,1807,1856
550,1092,1151,1206,821,1299,1339,1380,1420,1471
630,696,778,840,899,941,989,1018,1085,1146
983,1092,1140,1185,1270,1360,1393,1429,1482,1548
1738,2030,2311,2573,2834,3100,3361,3619,3883,4141
588,638,683,728,771,814,996,1042,1086,1141
501,538,570,600,634,767,796,824,853,888
504,540,570,599,746,775,805,834,864,900
445,885,533,579,623,940,994,1044,1094,1155
615,680,737,795,852,908,965,1115,1173,1244
569,950,657,703,760,984,1015,1045,1075,1113
498,533,563,714,744,773,802,836,865,893
488,523,674,703,731,759,788,817,846,881
485,538,598,658,961,1051,1128,1196,1256,1333
806,873,936,998,1059,1284,1346,1406,1467,1540
669,746,811,881,938,1186,1406,1472,1529,1587
511,852,618,918,982,1046,1108,1155,1222,1304
491,889,940,654,1004,1068,1128,1196,1267,1355
732,801,848,901,966,1037,1276,1344,1409,1496
1407,1495,1587,1678,1750,1819,1886,1956,2025,2112
1513,1617,1704,1799,1888,1974,2060,2150,2249,2337
768,863,945,1023,1436,1528,1618,1703,1787,1888
941,1034,1088,1136,1182,1227,1273,1403,1479,1582
830,913,988,1059,1138,1217,1310,1554,1638,1738
833,914,990,1062,1129,1202,1450,1721,1807,1876
663,718,768,814,860,904,1065,1112,1158,1215
731,787,836,882,929,974,1138,1186,1234,1328
993,1049,1098,1146,1193,1239,1285,1331,1376,1435
705,1349,840,910,1441,1517,1592,1675,1757,1857
934,1031,1127,1221,1311,1403,1695,1788,1876,1972
799,884,959,1043,1122,1407,1495,1578,1651,1744
893,979,1069,1148,1218,1288,1370,1450,1590,1674
1051,1161,1251,1332,1408,1483,1555,1628,1700,1792
880,976,1059,1142,1223,1527,1606,1682,1759,1856
863,953,1040,1130,1218,1310,1622,1716,1801,1899
637,1012,729,778,1061,1107,1153,1198,1243,1300
1134,1224,1305,1389,1475,1564,1653,1749,1824,1923
569,1045,702,779,1113,1187,1270,1344,1417,1515
585,1040,1101,763,1177,1245,1315,1386,1461,1559
1000,1097,1190,1276,1364,1453,1542,1768,1847,1941
864,967,1064,1146,1224,1484,1558,1795,1872,1944
894,972,1049,1126,1202,1277,1359,1439,1597,1711
1115,1202,1280,1357,1434,1511,1588,1664,1827,1925
926,1029,1102,1174,1251,1324,1396,1620,1707,1782
1311,1551,1613,1400,1462,1691,1768,1844,1921,1997
622,994,1043,756,1089,1135,1181,1244,1294,1352
1011,1111,1194,1277,1367,1459,1538,1749,1839,1936
1025,1124,1218,1305,1397,1486,1579,1819,1909,2017
1608,1692,1764,1833,1901,1971,2041,2109,2175,2241
990,1086,1171,1254,1324,1393,1460,1659,1728,1811
935,1008,1074,1136,1200,1266,1331,1395,1537,1619
790,1272,898,1370,1462,1538,1624,1708,1788,1884
963,1060,1146,1227,1304,1381,1453,1532,1771,1875
948,1038,1122,1203,1287,1360,1430,1642,1718,1806
1051,1138,1210,1278,1345,1413,1480,1546,1613,1754
760,840,909,979,1049,1114,1338,1570,1643,1710
761,837,910,980,1050,1111,1170,1335,1517,1580
559,618,671,725,783,847,908,1122,1163,1230
546,587,633,684,866,904,939,972,1015,1079
1048,1147,1221,1282,1333,1385,1435,1487,1549,1598
827,895,958,1015,1072,1128,1186,1248,1377,1450
896,965,1028,1088,1146,1202,1259,1314,1433,1509
793,859,917,976,1034,1091,1158,1218,1340,1412
792,866,923,974,1029,1084,1139,1193,1295,1449
1125,1203,1282,1354,1426,1497,1564,1630,1697,1764
844,907,965,1022,1079,1135,1193,1255,1379,1455
466,875,941,1005,1065,1125,1181,1236,1297,1373
395,670,464,499,704,738,771,804,838,879
