1183,1035,782,731,751,1720,5785,5797,797,792,763,765,746,783,784,780,779,35813,25903,15942,5986,40781,30844,20875,10874,45779,35849,25873,15903,5924,40742,30773,20821,10849,886,789,40777,30841,20873,10899,45780,35835,25835,15882,5902,40754,30813,20839,10868,890,755,35789,25866,15895,5917,4335752,4325809,4315837,10898,45776,35839,25871,15896,5920,40749,30803,20828,10847,863,738,35775,25834,15866,5888,40781,30836,20839,10886,45782,35960,26003,16028,6054,35779,25852,15877,5893,775,755,35755,25841,15873,5433,35783,25861,15891,5907,40782,30843,20879,10910,45755,35807,25832,15747,5874,40793,30850,20885,10913,878,793,35735,25822,15850,5874,40774,30837,20868,10887,45781,35837,25861,15883,5906,40765,30840,20871,10889,913,741,35782,25851,15879,5899,40782,30831,20855,10921,50790,40876,30906,20932,10961,45780,35829,25854,15868,5886,35781,25851,15873,5891,752,752,4330746,4320802,4310829,5880,35780,25850,15871,5909,40785,30827,20881,10939,50779,40837,30871,20906,10934,45777,35844,25879,15893,5923,45784,35815,25883,15891,5931,40803,30861,20894,10920,943,784,35786,25858,15892,5923,40777,30829,20862,10890,45751,35820,25690,15867,5893,35938,26054,16268,6415,763,831,35775,25747,15907,5914,45759,35827,25856,15780,5918,45760,35786,25868,15902,5932,40769,30827,20847,10870,896,777,35785,25853,15889,5884,35704,25833,15868,5912,40780,30847,20874,10912,45791,35653,25875,15903,5925,45774,35825,25877,15923,5969,35837,25571,15956,5974,794,831,4330768,4320831,4310864,5923,375780,1547,1432,1498,1433,1438,1433,1429,36414,26467,16489,6519,41461,31501,21522,11544,46434,36481,26510,16537,6559,41442,31496,21537,11564,1589,1466,41416,31477,21501,11522,41698,31761,21792,11817,1840,36433,26481,16514,6521,1433,1433,31455,21511,11534,1555,36431,26460,16458,6524,41437,31497,21533,11558,46437,36499,26527,16551,6590,4336423,4326481,4316504,11560,1531,1407,36432,26491,16521,6552,41433,31486,21513,11543,41333,274535,264578,254605,244635,353,360,5352,333,5336,330,311,35332,25365,15421,5441,35359,25422,15456,5483,45484,35306,25556,15582,5625,40334,30308,20427,10460,484,332,40340,30383,20427,10445,45330,35389,25429,15460,5491,40326,30394,20412,10439,458,365,35333,25394,15414,5439,40353,30430,20432,10460,50314,40388,30420,20437,10464,45335,35407,25428,15414,5480,4330295,4320355,15413,5435,369,335,35342,25410,15445,5463,35343,25316,15540,5569,40134,30117,20409,10462,45303,333585,323615,313629,1245,1238,1212,946,1201,1234,1232,31223,20996,11120,1284,36232,26303,16355,6360,41200,31295,21337,11366,51239,41210,31328,21284,11290,41171,31217,21298,11318,1342,36231,100831,90947,81032,76128,4464,34288,24353,14358,4420,39523,29589,19563,9634,4344299,39432,29457,19477,9493,44345,34401,24429,14449,4468,44358,34418,24446,14474,4496,39349,29403,19428,9445,4362,4352,34354,24419,14458,4475,39353,29421,19448,9465,44344,34050,24417,14451,4400,39376,29279,19484,9553,4343,4477,34215,24332,14475,4492
3147,3107,3025,3054,3021,3053,3031,3006,3035,3038,3036,3024,3028,3029,3025,3039,3040,33034,23076,13146,3166,38042,28138,18160,8186,43025,33128,23164,13195,43025,33063,23122,13148,3182,4337986,4328088,23173,13237,3243,43053,33114,23142,13168,3197,3025,38023,28079,18118,8158,43027,33087,23121,13162,48031,38109,28169,18185,8212,48028,38078,28120,18139,8171,43039,33125,23157,13173,3197,43025,33091,23113,13134,3155,38035,28124,17069,8196,2348,3022,33058,23130,13155,3174,43005,33109,23051,13151,48173,38302,28312,18270,8310,43043,33110,23142,13174,3208,38030,28082,18121,8147,3025,3035,33028,23078,13104,3132,38054,28114,18155,8187,43037,33102,23126,13149,43020,33085,23114,13141,3210,38024,28061,18123,8157,3024,3014,33024,23086,13115,3138,38013,28088,18127,8163,4337998,4688671,383734,373752,478,501,463,468,467,453,470,35440,25501,15527,5557,40470,30520,20543,10578,45466,35517,25547,15566,5586,40467,30527,20570,10601,625,476,40474,30540,20574,10618,45871,35927,25964,15995,5963,35469,25531,15569,5568,464,466,35470,25516,15547,5574,35468,25514,15563,5630,45371,35557,25571,15633,5632,40464,30512,20539,10574,607,470,4330434,25508,15560,5583,40468,30531,20557,10578,45469,35524,25525,15581,5605,40432,265665,255684,245710,1730,1700,1720,1718,1721,1728,41711,31781,21792,11833,41718,31779,21813,11848,1874,41792,31837,21850,11873,1900,1718,36752,26792,16830,6849,46717,36766,26781,16779,6795,41717,31767,21795,11809,1840,41760,31813,21833,11857,1885,1719,36717,26772,16784,6808,41720,31771,21785,11821,51653,41777,31806,21821,11856,41719,31773,21691,11768,1830,4331694,4321746,16811,6832,1720,1706,31719,21773,11813,1843,36735,26813,16842,6867,41715,31773,21807,11848,46706,334074,324105,314137,1870,1796,1849,1848,1833,1918,1847,31927,21985,12009,2045,41784,31835,21873,11871,46844,36901,26923,16941,6960,46859,36911,26941,16972,7004,41850,31907,21931,11954,1974,1849,31863,83234,73267,1574,36462,26520,16538,6632,4336511,4326579,4316614,4306646,4341443,36490,26632,16653,6673,41357,31602,21631,11665,1694,1552,31549,21473,11630,1615,36548,26602,16625,6648,46553,36599,26636,16654,6677,41557,31613,21641,11658,1682,36541,26638,16668,6718,1537,1553,31547,21581,11655,1681,36377,26609,16632,6654,41483,31533,21984,12021,46459,36413,26741,16188,6768,41547,31072,21501,11647,1676,1520,36472,26664,16701,6744,41516,31570,21567,11548,1654,36550,26606,16474,6087,1023,2605,31520,20790,11600,1665,36446,26492,16619,6633,4671520,4020,3905,3905,3906,3923,3964,3880,33899,23913,13947,3978,43909,33989,24024,14074,48907,39013,29019,19040,9060,48888,38982,29023,19061,9088,43888,33964,23991,13906,4038,3905,33895,23961,13991,3989,38876,28967,19003,9030,43901,33957,23991,14025,48873,38947,28996,19042,9064,38910,29023,19089,9121,3898,3907,38905,28972,19010,9037,38696,28993,19027,9066,43930,33995,24030,14072,4103,38899,28973,19003,9018,3895,3899,33903,23962,14010,4046,43898,33953,23963,13994,4020,23896,13977
498,3510,3626,3426,3419,3397,3430,3393,3426,3418,3439,3434,3428,3426,3432,3428,3402,33479,23527,13555,3584,38478,28637,18662,8692,43459,33522,23558,13571,3624,38429,28477,18511,8538,3424,3430,33422,23477,13497,3543,43427,33480,23511,13552,3577,4333451,4323509,4313537,8566,378428,2488,2387,2306,2367,2384,2340,37454,27497,17537,7588,42349,32397,22428,12453,47335,37387,27414,17448,7477,47339,37397,27415,17441,7478,42344,32405,22428,12457,2481,37343,27401,17427,7446,2338,2342,32335,22380,12390,2427,37342,27407,17440,7480,42270,32392,22021,12445,2432,42338,32390,22447,12446,2467,2339,32334,22399,12429,2466,4332305,4322363,4312397,4302447,42353,32404,22428,12446,42339,32439,22482,12501,2525,37332,27387,17423,7414,2350,2454,240840,4612,4479,4473,4476,4471,4469,4471,4473,4480,4476,4474,4474,4477,4478,4475,4552,35114,25163,15181,5205,39474,29529,19559,9592,44468,34533,24554,14590,44474,34535,24562,14582,4604,39469,29341,19575,9608,4472,4351,39469,29548,19587,9462,44479,34576,24565,14620,4660,39483,29538,19581,9620,4480,4460,39444,29528,19550,9573,4339439,4329502,4319526,14586,49506,39564,29612,19647,9559,49478,39525,29549,19515,9566,44501,34565,24612,14513,4647,39483,332113,322154,929,905,917,911,885,906,35954,26009,16033,6051,40890,30997,21037,11083,1093,40908,30968,21010,11045,1077,905,35918,26026,16002,6028,40923,30953,20998,11012,50915,102075,92122,82164,72197,677,35648,25711,15754,5790,40769,30840,20870,10891,4340234,35698,25724,15753,5776,40643,30693,20720,10745,771,646,35649,25702,15741,5768,40642,30695,20726,10745,45646,35709,25736,15764,5788,45649,35712,25749,15770,5810,35133,25344,15629,5795,640,648,35588,25171,15748,5740,36102,26149,16174,6226,40117,30956,20982,11040,46335,36379,18163,16221,42355,40708,30749,20783,10816,45643,35674,25729,15764,5792,35650,25695,15754,5778,646,651,35649,25722,15731,5750,35950,25958,16012,1679,40643,30718,18848,10745,45647,4678835,4669017,1334,1308,1308,1310,1283,1315,1310,36366,26357,16431,6439,46287,36357,26397,16443,6518,41310,31360,21390,11419,1436,1308,41309,31365,21398,11432,46312,36362,26379,16405,6431,41303,31344,21370,11370,1403,1312,36313,26365,16401,6402,36314,26375,16361,6452,46277,36336,26334,16392,6417,41307,31336,21367,11421,1448,1309,36316,26372,16400,6410,41295,31347,21390,11436,46327,36385,26418,16440,6465,36311,26362,16411,6430,1312,1277,36310,26358,16372,6384,4331266,4321313,4311367,6425,41589,31643,21677,11635,51508,41364,31598,21597,11653,41302,31360,21374,11415,1432,1308,36305,232223,222209,212295,972,35945,26010,16048,6086,46088,36135,26171,16196,6220,40953,31009,21059,11095,1132,951,35954,26005,16029,6045,40953,31005,21037,11070,1092,40961,31016,21051,11071,1092,971,35952,26017,16042,6068,50894,40879,29801,21045,11103,40958,31018,21048,11058,1114,35958,26020,15755,6100,951,952,40957,30803,21031,6317,45951,33395,26051,16078,6100,41003,31060,20678,11127,1160,950,36076,26142,16172,6206
4492,4460,4301,4446,4295,4305,4300,4343,4301,4469,4327,4336,4302,4334,4314,4341,4287,34303,24356,14379,4413,39229,29392,19419,9445,44334,34385,24409,14414,4456,39339,29404,19453,9490,4387,4337,34334,24395,14408,4449,44298,34349,24398,14435,4460,4334301,4324351,4314375,9399,381077,5169,4983,4985,4986,5027,4980,34981,25018,15043,5080,39991,30042,20073,10096,49986,40049,30073,20101,10125,44981,35038,25053,15079,5116,44982,35044,25071,15097,5120,39985,30037,20068,10094,4998,4982,34981,25031,15049,5088,39987,30035,20061,10086,44917,35044,24657,15071,5071,40025,30159,20233,10240,4998,4983,34994,25070,15101,5131,4329945,4320032,4310054,4300097,39998,30072,20111,10135,44987,35053,25070,15082,5092,39986,30039,20073,10058,4998,4981,240897,4657,4553,4543,4540,4540,4541,4546,4546,4558,4544,4561,4540,4549,4562,4607,4552,34916,24974,15004,5029,39628,29704,19734,9760,44550,34605,24637,14677,44543,34602,24633,14655,4676,39536,29423,19658,9689,4524,4425,39631,29714,19755,9627,44545,34753,24738,14778,4799,39546,29607,19637,9661,4560,4525,39514,29610,19647,9674,4339510,4329597,4319632,14697,49547,39615,29652,19688,9593,49865,39923,29964,19947,10018,44577,34624,24669,14552,4672,39541,332127,322169,946,919,994,923,890,919,35950,26010,16048,6083,40929,31009,21033,11062,1065,40922,30976,21004,11030,1051,927,35961,26063,16033,6059,40925,30953,20988,10999,50927,102121,92153,82178,72202,665,35654,25714,15747,5765,40649,30716,20744,10764,4340239,35709,25738,15760,5782,40647,30836,20875,10909,936,648,35653,25705,15741,5767,40650,30706,20742,10775,45647,35709,25736,15764,5788,45714,35907,25947,15971,6124,35133,25339,15613,5765,648,649,35586,25171,15749,5738,35732,25784,15798,5832,40028,30769,20807,10885,46494,36526,18313,16372,42365,40714,30745,20777,10812,45646,35669,25724,15766,5805,35652,25698,15760,5787,650,651,38481,28538,18541,8556,35927,25938,15990,1654,40649,31727,19858,11748,45652,4679009,4669199,1514,1488,1489,1492,1466,3595,1498,36491,26470,16536,6536,46495,36597,26925,16979,7038,41493,31552,21574,11602,1610,1495,41502,31556,21586,11617,46495,36548,26576,16612,6647,41487,31536,21559,11553,1579,1492,36496,26554,16597,6596,36503,26554,16536,6608,46493,36560,26553,16610,6634,41488,31522,21557,11604,1625,1489,36530,26581,16615,6627,41475,31530,21574,11616,46604,36657,26691,16710,6732,36504,26540,16581,6599,1497,1454,36465,26550,16572,6589,4331448,4321491,4311543,6603,41951,32000,22034,11991,46485,36339,26580,16589,6653,41498,31556,21570,11606,1620,1505,36486,232451,222438,212524,1203,36171,26226,16259,6291,46180,36229,26268,16290,6307,41181,31237,21274,11298,1322,1181,36184,26232,16261,6280,41211,31266,21298,11322,1340,41252,31301,21329,11347,1368,1198,36184,26267,16295,6319,51125,41114,30032,21284,11352,41196,31244,21269,11265,1306,36209,26264,15987,6322,1178,1187,41184,31020,21247,6531,43657,31151,23823,13854,3883,38632,28698,18311,8748,3635,3628,33643,23749,13789,3825
3295,3222,3134,3130,3755,3137,3103,3122,3128,3130,3122,3131,3124,3127,3121,3147,3127,33128,23174,13210,3239,43130,33201,23217,13239,3262,43110,33189,23106,13234,3246,3158,33144,23197,13234,3267,38107,28203,18210,8237,42793,33193,23236,13223,43120,33185,23218,13229,3295,38125,28196,18246,8251,3151,3150,32988,23209,13242,3261,38130,28190,18220,8187,48086,38132,28148,18280,8243,43074,33066,23207,13239,3261,3086,38046,28203,18224,8261,43139,33192,23215,13236,43116,33185,23222,13238,3266,4333094,4699010,4689044,384110,379207,4876,4751,4754,4757,4757,4765,34743,24809,14824,4857,39753,29818,19856,9882,44756,34815,24837,14875,4899,44925,34984,25017,15070,5087,4774,34860,24903,14937,4961,39893,29949,20038,10027,44654,34840,24875,14875,4919,44795,34852,24858,14901,4918,39766,29834,19866,9898,4762,4752,34766,24839,14861,4888,44894,34961,24939,14991,4339724,4329780,4319816,4309866,4299927,39755,29819,19856,9890,4756,4764,34702,24763,14788,4813,39764,29830,19855,9880,44748,236963,45744,35748,25787,15826,5863,40679,30728,20747,10773,793,676,35697,25741,15782,5810,45723,35779,25808,15824,5850,35636,25705,15721,10686,753,678,35724,25769,15783,5811,35689,25771,15815,5843,40693,30751,20783,10823,50685,40749,30788,20826,10862,45690,35716,25768,15787,5806,35679,25733,15745,5788,677,619,35696,25719,15780,5822,4335646,4325709,4315744,10816,50678,40736,30764,20789,10809,45695,35753,25784,15801,5774,44513,35807,25834,15732,5919,40678,332055,322045,1258,1233,1151,1263,1159,1236,36236,26289,16329,6364,41236,31292,21473,11496,1507,41465,31620,21657,11685,1712,1234,36372,26394,16455,6477,41240,31269,21308,11385,51201,102622,92668,82701,72742,1274,36277,26347,16384,6413,41245,31266,4316272,4306314,4341210,36304,26339,16376,6403,45607,36311,26325,16318,6391,41242,31303,21335,11379,1381,1239,36245,26304,16329,6316,41242,31298,21320,11341,1357,36241,26344,16743,6786,1245,1243,31305,21363,11380,1253,41211,31275,21327,11251,46493,36579,26595,16608,6639,41547,31605,21642,11675,1690,1353,35804,18106,16325,5695,41373,31425,21470,11480,41232,31301,21311,11348,1344,41240,31301,21333,11369,1396,1245,31156,21305,11203,1410,36250,25106,16332,6371,46242,4698032,4688085,4678107,4668108,4663221,4894,4782,4777,4779,4765,4782,39823,29877,19932,9989,44821,34875,24897,14917,4937,39776,29840,19878,9913,4777,4789,39801,29858,19891,9946,39778,29845,19868,9886,44794,34942,24980,15000,5019,39832,29858,19885,9908,4777,4786,34847,24916,14946,4978,39838,29898,19917,9980,44732,34886,24908,14929,4955,39778,29831,19867,9902,4786,4766,34787,24852,14894,4915,39846,29907,19948,9988,44786,34841,24869,14893,4895,44779,34839,24866,14893,4913,44838,34894,24924,14949,4829,4778,34890,24987,14975,4993,49405,39983,30016,20041,9844,44797,35046,25074,15101,5119,39742,241154,231192,221202,216317,4951,4821,4816,4827,4799,4825,34890,24883,14914,4990,44865,34879,24912,14971,44860,34879,24894,14925,4949,39828,29885,19908,9925,4830,4823,24858,14898
923,874,744,730,701,717,728,732,5733,739,872,699,697,729,696,729,732,30731,20800,10821,859,35729,25791,15829,5747,40776,30815,20851,10873,45720,35786,25822,15848,5873,40727,30775,20799,10825,846,671,35725,25789,15811,5839,4335702,4700011,4690042,385090,375111,696,687,631,644,685,686,654,40696,30754,20790,10824,40755,30817,20853,10875,45651,35738,25764,15782,5802,40739,30793,20829,10860,886,683,40687,30750,20784,10802,45695,35756,25783,15798,5800,40621,30710,20783,10808,844,684,35720,25783,15814,5836,40687,30743,20700,10804,40684,30737,20762,10795,45698,35756,25774,15803,5794,4335659,4325719,4315757,4305714,857,688,35690,25763,15800,5825,40687,30741,20770,10774,45686,275867,265879,255922,245939,241031,5038,4910,4913,4915,4911,4917,39926,29969,19998,10023,40178,30226,20274,10248,50068,40049,30140,20188,10217,44770,35005,25031,14950,5071,39925,29979,20010,10031,4798,4917,34932,25000,15038,5079,39915,29989,20014,10030,44919,34976,25004,15022,44916,34974,25011,15028,5048,44920,34973,25001,15023,5052,39921,29979,20013,10043,4869,4931,4329866,4319966,4310005,5068,40306,30369,20448,10476,44989,35015,25040,15055,5072,39963,29961,19995,10000,4911,4916,34970,331811,321844,681,638,654,647,658,651,651,650,651,658,675,632,655,657,664,30656,20710,10742,775,35660,25707,15732,5728,45660,35724,25757,15784,5838,40657,110951,100976,91018,81045,76137,44508,34506,24535,14559,4579,39414,29541,19585,9593,4299309,4331,39405,29463,19499,9341,44445,34500,24539,14563,4590,39640,29706,19754,9786,4445,4440,39433,29491,19519,9540,39444,29494,19518,9538,44512,34565,24591,14578,4556,44662,34049,24756,14785,4804,39632,29699,19583,9741,4200,4560,35057,25162,15195,5229,40409,30553,20417,10589,44228,34682,24697,14516,4162,39562,29458,19643,9751,4184,4443,34612,24660,14670,4739,44480,34529,24560,14577,4599,39413,29546,19626,9625,4578,4486,39462,29385,19559,9558,44435,4678746,4668797,1173,1143,1146,1150,1123,1256,1146,36139,26119,16157,6230,41152,31222,21248,11266,46136,36204,26241,16285,6325,46176,36247,26285,16314,6345,41135,31200,21226,11245,1260,1144,36108,26162,16184,6176,41151,31199,21222,11234,41147,31186,21224,11245,51115,41194,31220,21243,11239,46285,36335,26360,16364,6388,41174,31232,21274,11310,1341,908,36109,26159,16188,6209,36186,26267,16308,11152,41142,31199,21221,11232,46107,36161,26188,16167,6234,41145,31208,21246,11274,1294,1145,36155,26215,16245,6257,41086,31169,21193,11227,51124,41200,31223,21254,11285,41143,30983,21145,11259,1290,1090,216358,5055,4915,4927,4928,4931,4930,4946,4928,4909,4939,4925,4923,4933,4936,4977,5020,35059,25126,15156,5191,39971,30029,20058,10079,44925,34981,25011,15039,5051,34743,25020,15061,5090,5065,4934,33916,24995,13748,4994,34887,29945,19873,9992,39991,30019,20067,10077,49429,39993,30010,20061,10084,45006,35084,20403,15172,5215,4929,4329896,4319946,15048,5084,37806,29988,20012,10025,44930,35014,25047,15115,5147
5237,5237,5042,5049,5026,5047,5045,5046,5049,5051,5020,5050,5040,346,5062,5047,5047,35048,25113,15139,5183,35047,25110,15149,5058,40052,30094,20144,10173,45034,35102,25135,15154,5171,40087,30135,20149,10169,5043,5062,35035,25098,15130,5177,4335018,4699490,4689525,384573,379665,5295,5168,5118,5107,5168,5173,5150,40172,30223,20248,10271,40262,30320,20348,10375,45138,35225,25254,15275,5299,40244,30294,20323,10347,5173,5191,40168,30225,20251,10271,45624,35678,25708,15727,5731,40111,30226,20293,10316,5193,5159,35170,25226,15247,5273,40170,30233,20193,10298,40171,30233,20257,10277,45317,35370,25389,15428,5416,4335137,4325187,4315220,4305178,5172,5121,35172,25241,15269,5294,40170,30237,20276,10286,45171,275588,265606,255642,245664,240773,4781,4655,4656,4659,4656,4670,39672,29713,19742,9759,44704,34741,24785,14759,49671,39659,29752,19798,9824,44476,34725,24756,14682,4817,39666,29714,19744,9767,4540,4658,34690,24784,14811,4833,39642,29715,19750,9780,44673,34763,24798,14818,44657,34716,24750,14765,4785,44664,34723,24742,14761,4778,39659,29719,19740,9762,4611,4659,4329582,4319730,4309761,4829,39659,29714,19786,9812,44690,34741,24784,14815,4835,39709,29730,19775,9791,4659,4696,34669,331533,321559,5449,374,375,362,5338,394,5398,384,5444,371,355,388,331,376,359,35427,25488,15528,5555,35372,25417,15446,5447,45376,35438,25475,15500,5556,40372,30412,20426,10466,493,75915,44281,34281,24311,14338,4363,39196,30012,20063,10069,4299081,4104,39223,29310,19349,9197,44221,34281,24311,14331,4348,39221,29292,19319,9341,4217,4214,39205,29282,19316,9340,39222,29295,19322,9344,44221,34309,25942,16632,7045,44215,33602,24303,14335,4361,39564,29627,19511,9672,3989,4229,34358,24478,14501,4520,44130,34279,24139,14315,43817,34277,24287,14111,3759,39192,29089,19268,9370,3954,4218,34212,24271,14273,4342,44218,34292,24322,14338,4365,39178,29244,19337,9329,4225,4265,39212,29146,19323,9338,44205,4678351,4668407,782,752,753,755,731,568,758,35751,25727,15761,5840,40755,30819,20846,10876,45742,35803,25836,15876,5908,45774,35879,25917,15951,5981,40740,30799,20825,10840,844,756,35756,25828,15850,5845,40753,30811,20849,10882,40766,30843,20879,10906,50721,40801,30835,20876,10887,45871,35924,25953,15963,6002,40756,30830,20864,11063,1086,40516,30796,20830,10852,862,789,35753,25818,15836,5854,40760,30824,20845,10879,45784,35841,25834,15908,5938,40755,30816,20848,10870,933,756,35796,25853,15870,5884,40752,30799,20828,10829,46519,36594,26631,16656,6692,40553,30725,20860,10887,221091,216220,4921,4827,4842,4842,4845,4844,4848,4878,4830,4857,4841,4852,4834,4844,4854,4848,34850,24910,14927,4960,39840,29890,19919,9936,44846,34924,24947,14974,4993,34593,24862,14900,4928,5006,27426,31584,22663,11410,2658,38001,28052,17944,8055,42581,32611,22656,12675,47076,37648,27659,17697,7715,42572,32658,17947,12698,2715,2574,4332535,4322577,17649,7663,35446,27637,17659,7662,47582,37639,27663,17689,7711
5064,4948,4656,4604,5685,645,4645,4654,4648,4634,4627,4637,4628,4629,4631,4636,4629,39620,29672,19696,9717,44631,34699,24725,14719,44630,34691,24715,14745,4766,39639,29699,19750,9780,4626,4639,39625,29691,19718,9740,44633,34692,24700,14754,4785,39638,29703,19731,9765,4640,4634,34634,24688,14717,4743,4339608,4329671,4319696,14754,44627,34685,24711,14732,4751,39630,29685,19716,9741,4628,4592,34627,24689,14718,4736,39632,29683,19693,9743,44644,34703,24734,14756,4778,39615,29673,19700,9722,4632,4605,34634,24697,14729,4287,39624,29693,19728,9752,44634,34690,24716,14735,44630,34698,24719,14633,4758,39652,29705,19729,9749,4588,4631,34623,24697,14730,4758,39639,29702,19735,9758,44631,34687,24720,14743,4768,39882,29962,19994,10014,4786,4652,39622,29707,19736,9766,44642,34698,24731,14808,49634,39684,29708,19729,9752,44633,34685,24711,14730,4750,39617,29669,19692,9712,4629,4629,4329598,4319652,4309687,4741,39616,29679,19700,9739,44633,34666,24711,14734,49708,39762,29795,19820,9845,49620,39681,29715,19729,9760,44632,34654,24723,14742,4793,39630,29686,19715,9741,4659,4715,34626,24683,14721,4741,39629,29679,19716,9748,44633,34684,24553,14731,4758,36641,26705,16748,9221,4617,4693,37700,27644,17821,7845,44833,34901,24932,14856,4987,44617,34663,24755,14789,4813,44634,34706,24732,14759,4785,4631,34632,24690,14720,4701,39544,29674,19704,9735,44634,34682,24697,14729,44632,34498,24725,14759,4789,44627,34676,24703,14732,4766,39648,29330,19723,9757,4680,4645,4329598,4319658,4309691,4746,374834,610,555,282,280,281,244,281,40291,30344,20372,10393,40297,30348,20386,10416,45286,35337,25374,15403,5427,40285,30325,20371,10400,430,293,40285,30340,20370,10398,45275,35375,25407,15435,5464,40282,30332,20366,10374,417,301,35277,25352,15390,5417,40286,30319,20311,10376,40285,30337,20363,10379,45286,35338,25356,15373,5403,4335250,4325302,4315323,10377,345,281,35292,25355,15391,5418,40291,30345,20372,10403,45172,275231,265287,255319,245350,1073,1048,1048,1047,1050,1050,1056,31119,21149,11216,1252,36023,26082,16112,6133,46127,35941,26182,16207,6249,41066,31040,21159,11189,1217,1047,41049,31082,21127,11155,42281,32331,22369,12387,2409,41110,31181,21220,11263,1297,1047,36110,26160,16185,6212,41044,31100,21112,11159,51024,41093,31118,21131,11155,41063,31168,21196,11194,1257,4330985,4321044,16101,6128,1007,1131,31079,21129,11167,1192,35957,25925,16138,6157,40838,30841,21122,11172,46000,333880,323919,313947,1571,1512,1493,1263,1518,1588,1591,31543,21332,11474,1653,36537,26590,16633,6633,41987,32086,22125,12151,46551,36526,26645,16594,6600,41479,31528,21616,11639,1661,36547,101154,91276,81349,76450,4796,34603,24687,14717,4797,39722,29787,19764,9836,4344735,39860,29895,19921,9943,44657,34705,24739,14769,4795,44708,34758,24777,14800,4826,39695,29763,19808,9846,4670,4648,34652,24710,14744,4756,34783,24862,19665,9711,44654,34363,24763,14827,4777,39686,29581,19768,9795,4649,4971,34518,24613,14742,4752
3761,3727,3593,3597,3573,3570,3597,3578,3593,3611,3606,3597,3604,3596,3598,3600,3593,33597,23623,13697,3720,38582,28658,18681,8710,38600,28687,18720,8746,43596,33634,23699,13736,3772,4338560,4328615,23695,13731,3744,38607,28665,18690,8713,3611,3596,38601,28660,18694,8725,38593,28643,18674,8711,48593,38624,28671,18729,8772,48595,38629,28674,18699,8736,43601,33650,23682,13711,3739,43596,33648,23671,13692,3710,38645,28714,17656,8780,2898,3597,34688,24873,15165,5286,38561,28645,18598,8707,48530,38653,28675,18652,8704,43611,33684,23715,13739,3764,38598,28645,18690,8719,3596,3602,33595,23647,13676,3699,38590,28642,18683,8718,38645,28709,18743,8771,43589,33655,23689,13726,3789,38592,28644,18695,8720,3596,3564,33594,23650,13682,3708,38588,28656,18686,8711,4338566,4688804,383877,373900,637,649,613,615,616,605,615,35606,25675,15705,5735,40618,30680,20719,10765,45612,35667,25702,15726,5751,40660,30708,20738,10762,792,612,40675,30736,20754,10777,45701,35760,25794,15824,5786,35619,25663,15699,5700,609,612,35619,25666,15701,5727,35612,25647,15682,5736,45519,35706,25716,15774,5761,40656,30712,20751,10780,805,612,4330578,25640,15692,5717,40614,30679,20711,10733,45618,35682,25679,15734,5751,40579,265857,255898,245943,1982,1935,1950,1952,1909,1950,41940,32003,22009,12050,41954,32014,22043,12074,2104,41919,31968,21981,12016,2048,1953,37135,27181,17218,7241,47031,37090,27118,17132,7154,41955,32001,22022,12035,2064,41961,32013,22031,12060,2087,1930,37088,27140,17161,7187,41953,32005,22017,12049,52069,42193,32216,22226,12253,42125,32184,22116,12211,2286,4331917,4321967,17037,7070,1952,1918,31957,22004,12035,2061,36933,27011,17046,7077,41945,32005,22059,12124,46950,334177,324206,314238,1972,1898,2152,1951,1936,1974,1949,32024,22156,12199,2241,41885,31928,21961,11959,46947,37012,27049,17075,7104,46958,37012,27034,17066,7102,41954,32017,22055,12075,2093,1954,31945,83506,73556,1870,36748,26801,16815,6902,4336804,4326871,4316902,4306941,4341736,36779,26921,16942,6964,41648,31893,21916,11944,1967,1839,31834,21754,11900,1875,36841,26894,16929,6966,46842,36890,26939,16976,7021,41970,32035,22068,12088,2110,36842,26971,17053,7134,1824,1835,31985,22018,12122,2159,36761,26988,17011,7039,41861,31891,21948,11978,46756,36704,27017,16460,7032,41915,31435,21861,12002,2022,2614,36740,26917,16952,7012,42007,32053,22040,12014,2111,38494,28555,18442,8071,1386,1836,31837,21097,11901,1973,36737,26787,16927,6951,4671810,4309,4192,4193,4198,4176,4192,4195,34188,24190,14232,4274,44453,34525,24561,14610,49189,39289,29346,19373,9387,49186,39255,29285,19320,9358,44176,34243,24279,14201,4340,4180,34182,24240,14271,4273,39183,29254,19276,9289,44206,34255,24294,14333,44159,34248,24294,14325,9171,39184,29237,19273,9300,4189,4190,34180,24214,14232,4261,38968,29236,19266,9295,44185,34249,24275,14305,4334,39188,29252,19282,9304,4199,4189,34194,24246,14294,4322,44369,34437,24464,14504,4543,24377,14420
4904,4875,4737,4724,4728,4705,4737,4741,4765,4742,4737,4740,4737,4736,4735,4744,4715,34750,24817,14847,4877,34631,24787,14810,4839,44753,34812,24843,14847,4893,39735,29781,19810,9831,4734,4737,34737,24790,14798,4832,44737,34789,24814,14845,4867,4329705,4319771,4309804,4840,379762,3841,3647,3651,3649,3690,3651,38649,28689,18727,8777,38659,28719,18753,8780,48650,38707,28729,18760,8786,48650,38712,28729,18756,8793,43650,33712,23737,13762,3788,38649,28701,18731,8759,3650,3648,33648,23698,13716,3759,38651,28704,18734,8769,43579,33697,23310,13738,48612,38705,28729,18772,8763,43635,33702,23728,13756,3782,4338625,4328731,4318788,4308833,4298911,3652,33653,23717,13744,3767,38652,28734,18773,8809,43647,33732,23795,13805,3894,38649,237221,958,942,936,943,1015,964,926,945,927,929,931,926,928,936,1095,906,35932,25986,16007,6033,35934,25992,16030,6053,40928,31002,21029,11067,45931,35990,26021,16046,6069,40920,30798,21021,11048,1072,804,40894,30984,21022,10904,45933,36027,26024,16077,6102,35969,26034,16072,10926,981,905,35953,26050,16079,6095,4335870,4325928,4315955,11007,50933,40985,31019,21043,10941,51581,41637,31667,21639,11696,45954,35998,26057,15957,6085,40896,332378,322432,1217,1186,1191,1185,1161,1184,36221,26271,16301,6321,41184,31234,21264,11398,1424,41823,31877,21914,11939,1964,1184,36187,26298,16276,6308,41192,31225,21269,11286,51258,102874,92910,82947,72980,1456,36430,26483,16504,6523,4336388,4326463,4316494,4306517,4341018,36483,26515,16539,6559,41426,31483,21520,11549,1583,1424,31425,21472,11514,1547,41422,31472,21494,11513,46427,36477,26497,16526,6553,41440,31513,21551,11573,1612,35909,26096,16376,6542,1443,1489,31353,20953,11526,1511,37074,27127,17154,7201,40842,31546,21561,11607,47781,37812,19603,17669,39716,38102,28152,18171,8190,42997,33039,23090,13122,3153,38007,28049,18112,8138,3008,2995,33001,23075,13088,3112,38377,28402,18455,4118,43280,33336,21459,13352,43040,4678199,4668388,702,682,681,681,656,687,662,40698,30698,20768,10778,45689,35770,25808,15848,5905,40683,30724,20762,10789,806,694,40690,30741,20772,10809,45685,35745,25771,15805,5838,40677,30717,20735,10740,780,684,35685,25741,15778,5775,40697,30750,20735,10808,45678,35743,25740,15791,5810,40681,30709,20748,10803,831,681,35688,25755,15792,5813,40670,30721,20758,10793,45688,35763,25801,15823,5845,40687,30737,20791,10818,856,666,35689,25778,15802,5822,4335645,4325692,4315743,10801,41160,31216,21243,11197,45683,35550,25789,15797,5863,40695,30763,20779,10816,833,717,35679,232034,222024,212122,807,35737,25803,15835,5864,45878,35930,25967,15995,6018,40786,30846,20887,10931,969,782,35780,25836,15866,5893,40940,30992,21026,11052,1080,40790,30848,20873,10889,914,798,35831,25903,15936,5971,50729,40718,29632,20872,10952,45820,35909,25947,15956,6019,35736,25803,15532,5876,777,780,40786,30631,20853,6129,45782,33244,25898,15921,5946,40778,30840,20465,10913,951,728,35786,25885,15911,5936
4589,4501,4154,4088,5840,5076,4140,4138,4137,4128,4127,4128,4126,4122,4124,4125,4128,39130,29192,19222,9241,44127,34197,24232,14231,44127,34208,24238,14267,4284,39153,29241,19295,9325,4120,4129,39121,29193,19218,9238,44127,34184,24195,14255,4293,39321,29391,19427,9463,4125,4146,34128,24184,14212,4239,4339102,4329199,4319226,14277,44125,34191,24229,14252,4271,39126,29202,19229,9250,4131,4156,34124,24188,14218,4241,39124,29191,19202,9249,44126,34193,24227,14249,4270,39127,29189,19221,9244,4135,4094,34142,24224,14255,3817,39124,29193,19218,9229,44126,34194,24222,14242,44913,34977,25007,14929,5063,39310,29384,19415,9437,4123,4126,34109,24186,14221,4250,39122,29199,19228,9244,44123,34179,24203,14233,4257,44124,34188,24227,14257,4292,4134,39126,29173,19185,9209,44144,34192,24222,14297,49144,39284,29322,19356,9382,44126,34179,24212,14237,4264,39126,29186,19219,9244,4121,4122,4329090,4319146,4309178,4231,39124,29184,19198,9239,44126,34160,24205,14226,49129,39198,29233,19254,9273,49122,39180,29208,19226,9260,44122,34142,24207,14217,4257,39129,29205,19233,9254,4121,4135,34124,24184,14211,4232,39128,29201,19230,9254,44124,34174,24041,14222,4248,39128,29191,19226,9252,4105,4132,39114,29062,19219,9229,44299,34397,24452,14405,4554,44156,34192,24269,14302,4329,44147,34244,24282,14325,4525,4123,34124,24182,14218,4213,39054,29193,19229,9267,44130,34192,24217,14257,44121,33993,24218,14256,4291,44129,34187,24207,14229,4253,39123,28815,19212,9243,4138,4126,4329090,4319142,4309177,4235,379125,4889,4778,4778,4787,4777,4776,4781,39789,29857,19880,9901,39802,29853,19887,9998,44779,34841,24870,14904,4924,39777,29822,19868,9898,4845,4781,39781,29832,19854,9874,44779,34839,24869,14896,4916,39781,29838,19882,9901,4779,4778,34874,24931,14969,5002,39778,29809,19808,9874,39778,29835,19866,9889,44850,34905,24931,14958,4987,4334764,4324820,4314841,9894,4729,4778,34783,24858,14893,4920,39780,29833,19862,9891,44682,275112,265159,255183,245217,933,913,907,913,914,913,882,35955,25985,16047,6075,35978,26053,16089,6113,45918,35739,25982,16008,6051,40900,30869,20980,10997,1015,912,40902,30935,20971,10995,45916,35979,26014,16037,6066,40906,30959,20978,11013,1036,900,35914,25968,15989,6014,40928,30997,21017,11075,50882,40949,30977,21003,11030,45914,35968,25993,15983,6050,4330878,4320935,15998,6036,912,906,36292,26356,16384,6402,35824,25791,16007,6025,40697,30691,20987,11038,45871,333783,323814,313836,1463,1529,1389,1149,1405,1438,1436,31436,21222,11355,1626,36426,26482,16527,6527,41981,32081,22118,12140,51440,41405,31529,21483,11490,41480,31529,21624,11657,1694,36431,101046,91180,81256,76359,4714,34539,24613,14624,4701,39584,29643,19624,9700,4344522,39646,29684,19715,9741,44572,34622,24651,14671,4692,44578,34643,24667,14693,4714,39576,29631,19652,9675,4579,4577,34741,24799,14841,4861,39742,29805,19843,9866,44955,34666,25047,15107,5056,39601,29498,19688,9710,4569,4604,34722,24819,14954,4973
733,659,544,540,597,536,513,532,537,538,530,544,533,540,528,537,535,35548,25608,15642,5676,40548,30631,20651,10670,690,40548,30619,20541,10680,701,548,30515,20578,10614,648,35555,25651,15659,5685,40273,30674,20714,10700,45534,35591,25609,15606,5657,40534,30603,20651,10653,697,631,35401,25622,15644,5652,40553,30612,20649,10627,45698,35741,25748,15862,5815,40481,30467,20608,10633,646,497,35450,25615,15639,5665,41126,31179,21201,11229,45529,35595,25640,15662,5691,4335510,4699754,4689791,384867,374905,535,629,514,517,517,508,35510,25571,15581,5614,40520,30575,20608,10636,45549,35602,25625,15662,5689,40521,30577,20606,10664,680,569,35521,25564,15601,5621,40525,30586,20660,10641,45415,35593,25627,15617,5645,45516,35574,25586,15641,5665,40533,30592,20616,10641,642,516,35518,25566,15582,5601,40519,30576,20561,10624,4340506,4330560,4320590,4310628,4300680,40533,30589,20628,10659,688,518,35520,25584,15611,5642,40519,274838,264891,254922,244953,240036,43739,33731,23758,13779,3808,38682,28751,18780,8814,3673,3678,33678,23727,13778,3811,43689,33745,23776,13792,3818,38687,28752,18758,8777,3681,3683,33688,23735,13745,3776,38692,28749,18783,8800,43687,33744,23771,13801,48675,38742,28779,18810,8847,43707,33729,23794,13826,3855,38718,28791,18812,8844,3683,3662,38689,28713,18767,8807,4338643,4328699,4318732,13787,48679,38739,28776,18814,8847,48681,38750,28791,18825,8817,42440,33726,23750,13652,3840,38699,331584,321580,801,764,696,781,754,780,35777,25830,15864,5901,40752,30798,20831,10837,842,40670,30813,20834,10856,878,766,35774,25800,15873,5910,40773,30801,20821,10883,50773,102031,92066,82104,72125,639,35629,25684,15715,5733,40652,30677,20714,10746,4340620,35713,25751,15788,5820,44994,35703,25718,15707,5772,40624,30673,20696,10722,712,666,35628,25687,15711,5697,45727,35779,25802,15824,5843,35717,25775,15802,5822,626,641,35733,25794,15828,5713,40662,30729,20777,10696,45621,35702,25715,15721,5747,40735,30789,20825,10857,5780,4862,35297,17607,15834,5200,40641,30689,20738,10755,46073,36134,26144,16186,6179,40623,30685,20718,10749,781,627,35536,25649,15539,5748,35632,24487,15714,5745,45623,4697893,4687942,4677959,4667960,4663095,4778,4633,4630,4633,4618,4610,39634,29698,19715,9779,44646,34709,24738,14772,4808,39647,29718,19753,9782,4593,4634,39629,29678,19707,9737,39738,29791,19819,9842,44627,34742,24773,14814,4838,39663,29695,19721,9749,4632,4658,34641,24709,14740,4763,39635,29688,19698,9744,44528,34681,24714,14737,4768,44634,34688,24713,14743,4764,4625,34605,24677,14709,4714,39693,29752,19775,9793,44627,34689,24717,14740,4746,44628,34690,24724,14756,4791,44638,34705,24734,14759,4636,4630,34640,24752,14751,4780,49342,39915,29945,19972,9780,44515,34762,24797,14829,4855,39577,240856,230884,220891,216004,4626,4504,4498,4507,4477,4506,34563,24563,14598,4654,44545,34550,24592,14653,44544,34591,24605,14645,4661,39514,29579,19604,9626,4510,4504,24519,14577
4606,4567,4439,4438,4434,4420,4440,4424,4443,4444,4445,4436,4437,4445,4441,4439,4440,34440,24456,14527,4551,39428,29510,19534,9554,39434,29491,19530,9568,44436,34481,24548,14571,4593,4339406,4329445,24502,14543,4558,34449,24518,14544,4568,4436,4442,34442,24525,14549,4576,39436,29498,19556,9583,49440,39470,29520,19542,9577,44439,34537,24597,14620,4655,44442,34492,24521,14540,4563,44451,34506,24542,14572,4607,34581,24681,13617,4737,3757,4746,34549,24602,14628,4647,39415,29516,19460,9558,49378,39506,29529,19502,9559,44445,34533,24562,14584,4609,39440,29494,19573,9598,4439,4447,34446,24517,14553,4581,34443,24524,14548,4562,39445,29540,19570,9593,44437,34506,24538,14572,4628,39436,29477,19535,9560,4438,4446,34441,24505,14539,4564,39431,29510,19545,9570,4339442,4688928,383997,374022,750,772,747,756,739,727,739,35728,25799,15824,5848,40764,30814,20846,10886,45818,35873,25906,15930,5950,40744,30798,20837,10871,890,737,40788,30848,20874,10905,45738,35793,25821,15849,5806,35763,25811,15846,5846,734,737,35764,25813,15842,5864,35740,25786,15826,5885,45704,35895,25909,15970,5969,40759,30803,20827,10856,871,742,4330700,25764,15816,5841,40820,30874,20900,10920,45739,35794,25796,15856,5885,40704,265889,255914,245946,1974,1937,1955,1916,2003,1957,41941,32003,22009,12049,41952,32007,22039,12079,2113,41966,32013,22038,12068,2101,2025,36950,26994,17045,7075,46981,37031,27042,17038,7052,42098,32152,22180,12196,2225,41952,32011,22031,12060,2087,1956,36954,27010,17021,7042,41956,32009,22018,12050,46934,37065,27093,17109,11952,41918,31976,21896,11979,2045,4331936,4321997,17077,7110,1916,1938,31928,21981,12016,2042,37099,27173,17215,7251,41949,32011,22153,12203,46907,334095,324133,314173,1915,1830,1885,1890,1868,1883,1894,31895,21952,11976,2004,41868,31918,21949,11943,46846,36911,26936,16961,6982,47050,37104,27135,17171,7199,41899,31949,21973,11996,2028,1890,31890,83407,73444,1747,36648,26712,16746,6850,37153,27231,17258,7282,4341648,36693,26837,16860,6882,41601,31838,21856,11880,1897,1726,31725,21643,11796,1785,36725,26783,16814,6849,46799,36841,26888,16908,6938,41747,31849,21878,11899,1922,36753,26836,16994,7131,1714,1755,31778,21827,11906,1931,36556,26786,16811,6833,41657,32070,22134,12163,46576,36535,26848,16291,6866,41763,31282,21712,11854,1874,1704,36717,26880,16916,6955,41729,31784,21790,11774,1892,36727,26774,16647,6261,2349,1731,31756,21017,11808,1870,36625,26679,16821,6853,4671703,4200,4093,4110,4097,4071,4095,4082,34089,24087,14128,4172,44136,34199,24228,14274,49131,39243,29257,19285,9308,49123,39191,29216,19241,9269,44153,34226,24262,14185,4337,4074,34081,24135,14157,4154,39065,29146,19181,9212,44090,34150,24188,14219,49053,39122,29161,19185,9191,39134,29185,19212,9232,4126,4093,39078,29136,19161,9185,38859,29129,19168,9205,44074,34132,24161,14191,4219,39126,29190,19223,9247,4082,4073,34084,24131,14185,4212,44086,34141,24155,14187,4218,24080,14137
742,708,572,569,551,554,580,537,555,555,562,561,570,573,560,563,575,30553,20576,10641,659,35562,25650,15669,5690,40533,30594,20629,10665,45576,35609,25650,15672,5695,4335638,4325725,20798,10816,804,40583,30658,20696,10735,771,555,35572,25631,15656,5681,40594,30657,20687,10725,50573,40609,30663,20694,10735,45570,35595,25622,15630,5648,45582,35632,25666,15689,5730,40574,30649,20682,10712,741,35565,25618,14551,5675,4894,572,30577,20643,10679,706,40548,30650,20599,10701,50506,40624,30651,20626,10677,40576,30633,20659,10682,705,35574,25625,15663,5756,573,580,30582,20643,10674,696,35596,25686,15725,5743,40589,30671,20693,10708,45568,35634,25662,15690,5751,40570,30603,20653,10678,700,511,35582,25657,15686,5708,40557,30617,20646,10675,4335546,4688284,383355,378449,5208,5131,5099,5102,5115,5085,5095,35095,25180,15211,5237,40100,30162,20199,10245,45099,35157,25191,15227,5259,40112,30161,20186,10205,5087,5091,40105,30168,20189,10215,45099,35160,25195,15217,5168,40177,30225,20256,10257,5096,5104,35101,25151,15193,5226,35097,25142,15186,5254,45002,35191,25199,15249,5230,40097,30149,20176,10204,5097,5103,4330061,25126,15178,5200,40098,30155,20181,10205,45103,35170,25169,15231,5257,40079,265533,255555,245582,1606,1573,1594,1591,1614,1595,41582,31652,21672,11718,41589,31646,21685,11723,1761,41608,31660,21679,11712,1736,1599,36591,26636,16680,6709,46591,36642,26658,16657,6675,41589,31637,21673,11690,1721,41587,31640,21657,11684,1716,1594,36589,26644,16668,6702,41594,31641,21661,11715,51524,41640,31660,21670,11699,41592,31654,21582,11673,1735,4331557,4321608,16675,6706,1599,1580,31592,21644,11683,1706,36574,26648,16681,6709,41584,31635,21655,11685,46512,333997,324022,314053,1778,1716,1767,1767,1749,1746,1762,31763,21828,11862,1905,41750,31820,21857,11865,46766,36848,26877,16901,6925,46769,36813,26838,16874,6899,41767,31821,21846,11867,1888,1769,31763,83201,73232,1534,36430,26491,16527,6626,4336554,4326626,4316649,4306673,4341476,36518,26659,16679,6702,41323,31562,21592,11617,1635,1518,31515,21442,11599,1575,36517,26591,16622,6662,46521,36581,26631,16658,6691,41601,31654,21677,11697,1724,36508,26573,16593,6649,1499,1553,31516,21558,11630,1650,36338,26559,16592,6612,41448,31475,21519,11785,46346,36307,26623,16069,6646,41515,31039,21469,11612,1630,1913,36432,26661,16685,6709,41516,31568,21562,11549,1665,36547,26601,16470,6081,999,1603,31520,20793,11582,1635,36416,26468,16596,6612,4671489,3998,3881,3876,3880,3862,3872,3878,33882,23910,13950,3980,43890,33988,24013,14054,48872,38997,29008,19036,9050,48869,38984,29010,19044,9066,43888,33964,23995,13905,4038,3869,33892,23961,13989,3989,38853,28960,18985,9003,43872,33949,23989,14017,48840,38925,28973,19005,9018,43899,34000,24039,14065,4101,43875,33946,23969,13992,4030,3659,33871,23933,13998,4033,38904,28974,19000,9020,48877,38965,28997,19015,9044,43871,33957,23964,14008,4035,43866,33940,23950,13989,4030,23893,13977
2996,2854,2639,2589,2616,3589,2633,2628,2634,2621,2618,2597,2624,2623,2621,2620,2618,37644,27710,17764,7789,42629,32686,22712,12711,47613,37667,27698,17731,7754,42623,32669,22714,12747,2775,2620,42615,32676,22713,12745,42623,32676,22672,12722,2743,37621,27684,17708,7731,2620,2616,32622,22674,12708,2733,4337590,4327651,4317685,12742,47616,37676,27705,17726,7748,42618,32674,22713,12743,2763,2576,37614,27674,17709,7733,42620,32669,22675,12729,42616,32668,22696,12715,2734,37619,27680,17710,7729,2693,2594,32623,22682,12692,2249,37626,27692,17726,7741,42660,32718,22743,12766,47803,37864,27886,17799,7974,37774,27844,17872,7892,2565,2617,37599,27676,17710,7739,42618,32679,22721,12755,42622,32681,22713,12739,2764,42623,32681,22708,12736,2762,2622,37634,27701,17731,7758,42622,32670,22703,12813,52660,42731,32755,22775,12794,42628,32698,22726,12741,2760,37621,27682,17708,7738,2621,2618,4327584,4317637,4307681,2745,37635,27697,17719,7762,42628,32672,22725,12752,52624,42690,32724,22752,12776,47621,37682,27716,17730,7758,47629,37651,27716,17727,7768,42619,32676,22707,12734,2760,2628,37626,27683,17723,7751,42621,32677,22713,12746,42618,32668,22536,12716,2750,42625,32686,22710,12728,2730,2619,37602,27569,17730,7744,47595,37671,27706,17631,7751,42618,32642,22719,12744,2762,42638,32733,22769,12811,2853,2687,32617,22670,12693,2676,37548,27680,17705,7735,42622,32673,22687,12720,47620,37486,27714,17747,7783,42621,32680,22711,12748,2789,37616,27288,17679,7710,2623,2619,4327588,4317646,4307682,2741,377641,3403,3267,3275,3276,3275,3269,3274,38281,28340,18361,8388,43288,33336,23361,13384,48280,38335,28364,18388,8408,38274,28311,18349,8368,3278,3277,38277,28336,18370,8399,43275,33332,23360,13384,3407,38274,28324,18358,8367,3270,3281,33281,23334,13362,3392,38277,28312,18320,8398,43286,33345,23377,13398,48278,38330,28357,18379,8413,4333243,4323302,4313331,8398,3225,3270,38276,28335,18371,8403,38277,28326,18352,8381,43178,274879,264920,254942,244966,679,665,663,678,674,662,611,35681,25716,15778,5810,35664,25726,15760,5787,45668,35479,25723,15749,5790,40661,30642,20758,10781,808,661,40668,30710,20766,10794,45667,35731,25764,15781,5808,40665,30722,20747,10774,796,661,35664,25720,15754,5793,40663,30718,20722,10761,50642,40719,30755,20778,10818,45666,35716,25737,15722,5786,4330645,4320714,15775,5797,664,661,35671,25732,15767,5786,35591,25563,15778,5795,40456,30470,20778,10843,45593,333688,323732,313764,1394,1324,1310,1078,1338,1364,1366,31363,21150,11297,1488,36353,26408,16454,6455,41968,32058,22092,12122,51456,41415,31539,21499,11515,41339,31387,21467,11487,1508,36360,100960,91080,81151,76251,4598,34429,24499,14509,4577,39951,30008,19985,10060,4344419,39534,29562,19588,9606,44440,34492,24526,14550,4570,44478,34528,24547,14570,4591,39479,29540,19574,9596,4478,4472,34475,24531,14577,4592,39537,29589,19610,9619,44460,34162,24528,14572,4533,39476,29397,19591,9635,4470,4537,35575,25674,15817,5837
2697,2631,2505,2497,2493,2494,2478,2490,2496,2495,2492,2501,2492,2491,2515,2496,2498,32502,22549,12583,2623,42505,32603,22633,12674,2728,42481,32548,22470,12613,2634,2495,32498,22555,12592,2627,37495,27598,17634,7672,42156,32557,22605,12596,42485,32549,22573,12582,2636,37489,27558,17605,7607,2519,2528,32353,22566,12590,2601,37505,27592,17617,7579,47459,37512,27520,17631,7586,42442,32439,22593,12630,2656,2455,37412,27574,17595,7621,42510,32567,22598,12627,42550,32617,22653,12670,2698,4332466,4698949,4688995,384054,379170,4834,4700,4696,4697,4698,4706,34686,24748,14761,4792,39699,29765,19805,9836,44703,34760,24783,14823,4850,44697,34761,24795,14850,4871,4699,34696,24748,14793,4818,39698,29758,19853,9844,44605,34822,24861,14849,4875,44696,34795,24805,14856,4889,39710,29776,19897,9937,4722,4694,34841,24901,14931,4957,44701,34765,24751,14810,4339645,4329690,4319725,4309770,4299833,39705,29773,19813,9837,4698,4706,34850,24908,14932,4962,39712,29786,19824,9859,44694,236920,45729,35731,25755,15781,5808,40639,30696,20716,10743,761,699,35652,25697,15736,5763,45735,35791,25833,15858,5890,40639,30709,20729,10754,783,636,35684,25735,15750,5783,35645,25753,15798,5821,40673,30717,20758,10796,50664,40733,30766,20803,10834,45653,35675,25742,15775,5810,35733,25794,15809,5857,648,616,35744,25763,15830,5871,4335607,4325669,4315711,10780,50639,40699,30732,20765,10792,45681,35749,25781,15800,11352,44400,35689,25712,15595,5765,40639,332030,322020,1231,1277,1127,1215,1182,1212,36210,26261,16284,6305,41203,31258,21307,11412,1435,41704,31860,21897,11922,1951,1210,36218,26242,16302,6323,41215,31240,21265,11330,51223,102759,92799,82835,72868,1384,36339,26395,16430,6455,4336399,4326422,4316465,4306502,4341384,36477,26503,16538,6555,45801,36502,26523,16506,6576,41447,31502,21539,11570,1572,1468,36371,26424,16448,6438,41364,31416,21439,11458,1472,36370,26899,16944,6972,1368,1392,31366,21419,11448,1339,41340,31410,21459,11383,46373,36451,26475,16484,6516,41746,31815,21856,11891,1898,594,35924,18233,16450,5816,41639,31684,21725,11734,41424,31484,21492,11531,1520,41374,31429,21469,11505,1547,1372,36287,26396,16282,6482,36411,25259,16485,6515,46367,4698208,4688256,4678277,4668281,4663386,5056,4958,4957,4974,4945,4956,40000,30057,20078,10147,44955,35012,25046,15075,5101,39950,30015,20044,10072,4951,4958,39935,29989,20013,10045,39969,30029,20055,10083,45019,35085,25121,15150,5177,39984,30022,20048,10085,4952,4957,34961,25025,15057,5092,39959,30018,20033,10084,44850,35010,25047,15089,5126,39953,30006,20029,10060,5671,4942,34956,25009,15038,5051,39960,30016,20041,10071,44951,35012,25038,15055,5054,44955,35018,25051,15082,5106,39958,30025,20065,10101,4811,4959,35008,25099,15094,5118,49451,40029,30066,20094,9900,44976,35221,25256,15281,5299,39923,241281,231322,221344,216462,5085,4978,4955,4966,4937,4969,35009,25041,15083,5144,45008,35022,25054,15108,45002,35020,25041,15072,5089,39996,30064,20098,10133,4973,4966,25426,15463
5434,5396,5139,5150,5128,5152,5148,5161,5153,5160,5228,5227,5150,5144,5161,5154,5151,35234,25301,15329,5373,35149,25202,15232,5138,40157,30204,20253,10280,45138,35199,25232,15251,5268,40148,30200,20231,10268,5144,5191,35181,25246,15269,5306,4335120,4699710,4689759,384829,374867,462,442,468,520,436,436,417,40449,30509,20535,10565,40441,30500,20536,10570,45404,35496,25540,15566,5592,40434,30484,20525,10557,594,433,40446,30498,20524,10544,45446,35503,25531,15550,5556,40638,30727,20786,10801,823,425,35440,25495,15516,5538,40437,30490,20445,10542,40462,30516,20543,10570,45441,35493,25510,15534,5521,4335405,4325465,4315499,4305451,583,438,35446,25522,15552,5581,40557,30619,20658,10668,45441,275847,265867,255921,245947,241045,5047,4928,4981,4930,4934,4931,39959,30001,20035,10055,44983,35027,25065,15040,49932,39914,30002,20040,10053,44755,35013,25038,15049,5179,39945,30005,20034,10054,4835,4932,34938,25004,15036,5062,40022,30099,20135,10157,39932,29992,20030,10059,44935,34993,25027,15047,5071,45135,35185,25219,15251,5282,40087,30142,20179,10207,4951,4944,4329880,4319987,4310019,5087,39918,29983,20062,10093,44979,35008,25045,15076,5104,39963,29961,19998,10000,4927,4930,34919,331668,321699,537,519,600,532,478,538,509,507,510,515,494,507,468,494,496,35512,25566,15609,5644,35515,25560,15585,5582,45583,35649,25674,15697,5750,40511,110880,100911,90962,80998,76101,44481,34473,24502,14531,4557,39388,29476,19512,9511,4299279,4298,39411,29477,19506,9350,44535,34592,24622,14644,4671,39546,29595,19636,9674,4436,4435,39427,29491,19522,9540,39413,29464,19494,9515,44433,34697,25024,16313,6725,44418,33797,24494,14520,4543,39540,29614,19505,9681,4305,4471,34436,24538,14567,4591,39591,29733,19586,9746,44008,34461,24475,14297,3952,39389,29290,19463,9564,4267,4415,34423,24462,14469,4536,45069,35117,25143,15159,5180,39395,29468,19769,9857,4404,4420,39431,29353,19529,9533,44403,4678723,4668769,1140,1117,1125,1120,1092,783,1115,36189,26168,16216,6310,41121,31193,21227,11260,46107,36172,26209,16248,6289,46114,36184,26216,16243,6269,41103,31164,21185,11195,1196,1115,36118,26176,16211,6223,41118,31175,21207,11229,41118,31154,21189,11209,51090,41169,31194,21216,11212,46118,36172,26190,16192,6213,41117,31177,21218,11244,1266,885,36109,26159,16188,6209,41128,31216,21246,11267,41111,31174,21199,11209,46273,36322,26343,16318,6381,41117,31164,21202,11241,1254,1225,36530,26587,16616,6627,41086,31168,21195,11227,51065,41135,31161,21193,11213,41114,30947,21108,11227,1256,1083,216334,5026,4895,4907,4906,4907,4907,4998,4902,4873,4909,4901,4902,4904,4907,4918,4947,34921,25014,15030,5056,39969,30030,20061,10087,45036,35086,25111,15133,5146,34661,24930,14973,5003,5401,4914,33895,24973,13730,4988,35056,25103,15000,5121,40496,30525,20584,10599,49470,40023,30033,20073,10087,44999,35059,20352,15106,5172,4952,4329872,4319909,14991,5026,37779,29961,19992,10005,44917,35015,25040,15065,5112
2274,2126,1881,1826,1893,2884,1914,1918,1946,1876,1859,1868,1892,1868,1862,1863,1887,36938,27007,17037,7075,41859,31916,21941,11936,46835,36895,26925,16965,6993,41865,31898,21949,11983,2015,1865,41860,31922,21962,11992,41866,31928,21933,11988,2016,36848,26916,16945,6970,1855,1874,31866,21927,11959,1984,4336833,4326893,4316924,11980,46864,36927,26963,16993,7023,41859,31912,21937,11956,1972,1820,36859,26917,16961,6993,41864,31918,21921,11967,41863,31919,21960,11990,2017,36860,26923,16955,6979,1856,1841,36860,26915,16935,6485,36858,26923,16948,6961,41867,31927,21953,11981,46899,36986,27014,16938,7067,41877,31936,21969,12007,1984,1860,36850,26938,16971,7007,41855,31918,21960,11991,41867,31927,21957,11982,2005,41952,32014,22047,12068,2091,1861,36883,26939,16967,6994,41867,31917,21942,12010,51864,41907,31929,21946,11977,41884,32010,22078,12097,2116,36882,26944,16971,6991,1864,1860,4326833,4316898,4306933,1990,36864,26930,16944,6983,41872,31917,21972,12016,51865,41924,31953,21980,12007,46860,36920,26955,16970,6999,46869,36898,26959,16967,7004,41861,31914,21940,11967,1993,1865,36870,26927,16959,6992,41862,31914,21947,11975,41863,31911,21774,11950,1975,37053,28891,18968,9085,1842,1898,37585,27535,17693,7708,46844,36922,26956,16884,7006,41811,31841,21928,11964,2000,41849,31916,21952,11984,2026,1860,31860,21919,11959,1958,36791,26923,16954,6987,41864,31912,21922,11956,46866,36732,26952,16992,7028,41868,31930,21966,12004,2048,36863,26545,16930,6948,1866,1862,4326833,4316893,4306936,2001,376877,2680,2512,2521,2517,2518,2522,2533,37523,27581,17615,7639,42530,32583,22609,12633,47519,37571,27610,17638,7662,42521,32568,22608,12633,2658,2527,37519,27583,17606,7627,42564,32622,22652,12676,2699,37518,27576,17616,7633,2521,2543,32526,22581,12613,2641,37515,27545,17546,7618,42520,32572,22607,12628,47522,37582,27601,17621,7659,4332480,4322535,4312573,7644,2463,2516,37516,27573,17598,7620,37515,27568,17594,7625,42418,274833,264878,254904,244937,662,637,635,619,641,631,610,35638,25673,15736,5772,35635,25696,15725,5748,45633,35443,25687,15720,5767,40640,30621,20753,10807,838,635,40637,30681,20723,10750,45632,35693,25726,15746,5780,40623,30693,20723,10763,795,631,35634,25690,15716,5744,40645,30696,20706,10762,50612,40679,30705,20720,10746,45633,35688,25703,15688,5742,4330648,4320729,15791,5826,633,636,35637,25696,15725,5746,35607,25574,15794,5821,40412,30396,20682,10740,45593,333727,323762,313778,1394,1340,1326,1183,1357,1386,1384,31364,21149,11308,1499,36372,26439,16504,6510,41829,31925,21958,11988,51385,41347,31465,21416,11422,41312,31362,21448,11475,1512,36378,100998,91128,81213,76314,4663,34476,24537,14541,4603,39547,29618,19606,9678,4344481,39601,29637,19692,9733,44583,34638,24666,14690,4714,44565,34619,24647,14670,4692,39536,29591,19621,9655,4544,4536,34541,24591,14614,4631,39659,29711,19741,9759,44552,34253,24651,14717,4829,39540,29494,19691,9710,4536,4593,35196,25293,15426,5437
3662,3627,3444,3440,3401,3446,3442,3445,3439,3458,3445,3451,3444,3439,3452,3448,3453,33447,23502,13525,3567,38428,28483,18513,8420,43446,33484,23534,13561,43432,33498,23537,13567,3600,38451,28506,18523,8544,3441,3806,33440,23497,13523,3552,4333409,4699370,4689422,384486,379593,5216,5097,5054,5030,5072,5098,5083,40104,30163,20188,10222,45099,35158,25180,15206,45064,35169,25199,15218,5242,40094,30143,20173,10209,5100,5096,40194,30247,20275,10295,45126,35175,25218,15249,5270,40032,30120,20182,10204,5117,5088,35097,25152,15176,5198,40095,30149,20097,10193,40101,30152,20174,10208,45099,35155,25180,15220,5219,4335067,4325128,4315151,4305100,5107,5098,35100,25168,15203,5235,40097,30160,20192,10201,45100,275586,265611,255662,245698,240806,4808,4686,4687,4687,4696,4692,39699,29738,19773,9863,44762,34808,24856,14838,49868,39859,29958,20002,10022,44512,34753,24778,14696,4818,39688,29741,19769,9802,4593,4693,34700,24791,14828,4865,39671,29742,19765,9779,44673,34764,24798,14825,44689,34749,24785,14806,4833,44691,34747,24771,14795,4817,39689,29742,19763,9784,4641,4691,4329615,4319739,4309770,4832,39659,29714,19790,9814,44726,34760,24801,14830,4856,39735,29747,19783,9788,4684,4695,34731,331641,321676,5550,575,603,497,507,483,489,481,486,491,469,479,446,490,472,35596,25652,15691,5721,35488,25535,15565,5563,45488,35551,25572,15591,5637,40486,110834,100881,90922,80954,76044,44426,34427,24450,14472,4491,39334,29428,19457,9466,4299227,4244,39356,29415,19437,9278,44356,34411,24447,14472,4493,39358,29421,19461,9493,4358,4356,39343,29407,19433,9453,39357,29412,19441,9464,44383,34822,26221,16514,6925,44575,33955,24651,14675,4693,39389,29471,19350,9514,4133,4396,34590,24691,14722,4753,39274,29435,19291,9452,44405,34846,24855,14673,4318,39350,29242,19417,9515,4098,4359,34401,24448,14448,4514,44358,34414,24449,14471,4493,39319,29381,19437,9421,4382,4359,39350,29269,19437,9436,44374,4678430,4668471,845,818,819,821,799,640,819,35826,25809,15863,5952,40820,30884,20924,10956,45812,35877,25894,15916,5932,45846,35922,25952,15975,6004,40807,30881,20920,10946,967,820,35841,25907,15944,5952,40818,30874,20915,10947,40857,30904,20952,10974,50791,40874,30907,20939,10942,45823,35872,25891,15895,5929,40886,30947,20980,11012,1042,586,35823,25881,15916,5950,40788,30844,20871,10885,40816,30873,20898,10909,45822,35890,25909,15882,5947,40840,30913,20979,11009,1024,982,35844,25925,15950,5954,40786,30870,20901,10939,50800,40872,30899,20940,10972,40795,30637,20796,10913,950,784,216201,4913,4801,4773,4774,4787,4775,4792,4797,4741,4806,4773,4776,4788,4776,4791,4778,34792,24883,14933,4979,39773,29844,19873,9900,45214,35262,25291,15325,5342,34543,24825,14875,4926,4824,4785,33759,24833,13592,4864,39759,29830,19735,9854,39797,29843,19890,9904,49269,39829,29840,19879,9900,44780,34857,20154,14909,4934,4780,4329742,4319779,14871,4904,37658,29848,19879,9898,49769,39827,29846,19868,9892
466,5347,307,5293,533,5324,5303,287,5305,5315,295,281,298,5480,5298,5304,286,35311,25375,15402,5422,45306,35385,25414,15448,5471,40308,30375,20287,10414,421,5307,35301,25355,15379,5397,40271,30385,20395,10422,44971,35365,25401,15378,5414,40281,30328,20335,10391,402,300,35332,25366,15417,5439,40136,30356,20390,10404,45305,35359,25385,15349,5377,35248,25293,15411,5365,5250,335,40305,30367,20384,10365,45235,35389,25407,15433,5460,40267,30328,20360,10372,409,310,35296,25371,15392,5443,4335247,386229,376290,1921,1902,1971,1901,1896,1896,1890,36907,26952,16985,7006,41907,31966,21997,12016,46947,36989,27028,17054,7078,41906,31967,22017,12021,2047,1920,36901,26983,17017,7045,42003,32113,22094,12010,41934,31999,21992,12020,2039,36902,26937,16990,7024,1914,1962,31912,21973,11981,2012,36900,26951,16976,7004,41908,31969,21948,12004,4342038,4332088,4322107,4312138,4302181,41899,31960,22003,12040,2076,1904,36900,26958,16989,7024,42009,275205,265230,255253,245272,240347,44059,34051,24085,14117,4160,38998,29054,19085,9118,3996,3999,33997,24041,14092,4138,44000,34056,24088,14105,4131,38998,29064,19073,9095,3998,4001,33997,24046,14068,4110,39153,29206,19234,9247,44001,34050,24079,14105,49000,39061,29090,19119,9150,44003,34025,24079,14103,4123,38999,29056,19067,9101,4000,3984,39010,29049,19105,9130,4338963,4329021,4319062,14137,49018,39080,29115,19153,9187,49001,39058,29092,19121,9095,42763,34051,24074,13990,4185,44001,332159,322159,1375,1347,1265,1397,1326,1347,36463,26511,16559,6599,41339,31577,21622,11632,1638,41918,32069,22102,12132,2155,1345,36517,26538,16598,6621,41448,31485,21522,11591,51359,102942,92984,83008,73028,1541,36536,26589,16615,6632,4336587,4326609,4316644,4306681,4341584,36670,26693,16722,6749,45897,36701,26722,16769,6836,41652,31704,21726,11755,1752,1564,36574,26628,16651,6638,41529,31582,21617,11647,1677,36525,26905,16939,6958,1480,1544,31528,21585,11605,1480,41654,31720,21781,11713,46676,36757,26777,16792,6826,41535,31603,21631,11655,1661,7416,37921,20225,18456,7823,38380,28433,18479,8488,43358,33437,23454,13496,3495,43370,33451,23543,13569,3603,5359,33529,23665,13551,3749,38375,27252,18479,8509,44173,4697812,4687869,4677899,4667916,4663037,4700,4611,4605,4607,4590,4610,39615,29679,19683,9730,44624,34704,24727,14745,4768,39616,29690,19727,9762,4602,4614,39610,29671,19706,9740,39712,29771,19795,9827,44733,34799,24837,14871,4906,39642,29684,19717,9749,4607,4609,34616,24715,14750,4781,39610,29668,19672,9719,44506,34675,24701,14726,4762,44603,34659,24690,14727,4758,4594,34605,24677,14709,4714,39631,29702,19744,9788,44598,34648,24675,14695,4697,44606,34672,24702,14724,4745,44612,34683,24714,14740,4638,4606,35129,25227,15219,5237,49121,39703,29748,19787,9606,44592,34833,24868,14903,4933,39670,240894,230936,220957,216081,4713,4586,4575,4590,4558,4591,34635,24635,14662,4713,44626,34635,24666,14721,44622,34642,24662,14695,4714,39593,29657,19680,9706,4589,4584,24594,14641
467,400,308,5295,288,5327,284,274,429,354,288,279,291,5291,5298,292,292,35310,25378,15409,5427,45304,35378,25408,15442,5476,40288,30368,20297,10432,5303,293,35295,25362,15396,5434,35276,25390,15407,5438,39944,30342,20388,10376,45302,35367,25388,15388,5441,40266,30340,20385,10384,5322,5302,35159,25385,15409,5417,40269,30330,20369,10347,45252,35300,25312,15428,5383,40317,30310,20453,10478,492,268,35207,25371,15394,5417,40307,30365,20391,10414,45285,35353,25393,15411,5439,4335242,4699582,4689628,384703,379798,5457,344,5342,5345,343,336,35335,25399,15417,5451,40344,30399,20430,10450,45345,35395,25424,15475,5512,40345,30402,20429,10479,485,345,35323,25374,15410,5433,40348,30408,20486,10471,45240,35419,25460,15459,5493,45320,35398,25409,15463,5498,40353,30432,20477,10525,543,346,35343,25392,15414,5438,40346,30398,20375,10429,4340348,4330425,4320480,4310519,4300573,40335,30383,20411,10449,477,351,35342,25404,15426,5455,40346,30401,20420,254835,244886,239957,43672,33674,23702,13730,3760,38615,28671,18693,8728,3609,3616,33630,23684,13733,3758,43614,33685,23716,13733,3759,38590,28663,18692,8728,4896,3619,33616,23679,13696,3728,38638,28699,18728,8759,43612,33683,23709,13731,48609,38665,28697,18738,8779,43638,33696,23754,13783,3808,38630,28694,18712,8766,3640,3615,38638,28672,18729,8757,4338583,4328657,4318699,13771,48659,38717,28751,18786,8817,48620,38680,28708,18738,8708,42374,33672,23689,13592,3778,38629,331493,321491,708,678,613,688,665,683,35691,25764,15800,5844,40670,30723,20769,10795,814,40588,30739,20774,10814,852,678,35688,25727,15789,5812,40688,30716,20741,10806,50692,101912,91966,82006,72034,550,35535,25584,15618,5653,40546,30572,20602,10627,4340508,35619,25655,15692,5712,44903,35612,25627,15612,5676,40534,30589,20610,10634,623,537,35541,25599,15635,5632,45535,35599,25633,15657,5682,35538,25595,15638,5665,534,543,35542,25602,15641,5530,40758,30824,20880,10806,45564,35647,25675,15690,5730,45568,35644,25683,15718,5733,4780,36333,18639,16861,6229,40550,30589,20637,10646,45905,35976,25987,16026,6017,40537,30595,20629,10667,711,542,35448,25576,15462,5663,35559,24417,15650,5690,45536,4697849,4687909,4677942,4667961,4663083,4761,4656,4649,4651,4655,4652,39651,29703,19708,9757,44653,34706,24735,14755,4772,39660,29727,19752,9778,4645,4614,39650,29706,19736,9761,39791,29850,19875,9909,44657,34729,24759,14776,4794,39677,29709,19737,9766,4650,4658,34656,24730,14760,4788,39651,29704,19722,9787,44546,34700,24727,14751,4779,44604,34659,24686,14713,4733,4641,34677,24720,14736,4729,39697,29763,19801,9835,44642,34701,24734,14760,4767,44650,34706,24737,14762,4786,44638,34701,24736,14761,4638,4648,34838,24931,14925,4956,49139,39710,29736,19766,9571,44456,34720,24743,14765,4780,39624,240880,230907,220916,216027,4650,4506,4524,4535,4507,4538,34583,24582,14610,4663,44602,34626,24666,14734,44585,34618,24644,14691,4717,39546,29607,19633,9653,4538,4532,24541,14578
333,5216,5151,5152,5136,355,409,389,779,5258,5155,5155,5213,5149,5203,5152,5155,35156,25220,15248,5283,35210,25270,15307,5224,40308,30344,20381,10404,45145,35214,25242,15264,5284,40153,30205,20220,10242,5151,1399,35160,25221,15244,5275,4335123,4699518,4689552,384614,379748,5370,5222,298,369,5173,5254,5197,40268,30327,20348,10369,40224,30279,20307,10336,45189,35277,25310,15334,5361,40221,30272,20305,10336,5229,224,40218,30270,20301,10334,45341,35396,25431,15464,5481,40157,30254,20316,10338,5224,271,35311,25366,15389,5413,40226,30285,20246,10348,40330,30390,20409,10428,45256,35313,25330,15363,5357,4335202,4325262,4315304,4305265,400,243,35266,25319,15342,5366,40359,30427,20467,10482,45222,275626,265640,255673,245692,240782,4786,4665,4667,4668,4669,4673,39681,29718,19750,9770,44716,34759,24812,14795,49671,39656,29752,19801,9830,44489,34725,24760,14690,4825,39685,29739,19770,9811,4568,4673,34690,24785,14812,4833,39651,29721,19760,9799,44672,34761,24787,14806,44665,34716,24748,14765,4785,44895,34947,24973,15000,5022,39667,29721,19742,9765,4619,4665,4329595,4319738,4309762,4823,39669,29725,19796,9818,44701,34745,24771,14793,4805,39713,29723,19759,9764,4667,4680,34673,331402,321439,5345,302,5258,279,459,5258,5262,5258,5256,5273,239,5255,5242,5261,5262,35249,25304,15335,5367,35255,25320,15345,5341,45264,35350,25383,15406,5463,40261,30306,20328,10374,5260,76095,44517,34512,24551,14582,4606,39534,29617,19654,9659,4299273,4292,39405,29465,19495,9340,44409,34465,24503,14537,4578,39481,29531,19569,9595,4406,4402,39391,29458,19489,9515,39419,29465,19491,9515,44430,34614,24949,16032,6413,44379,33758,24456,14480,4503,39394,29473,19352,9512,4250,4412,34517,24621,14653,4686,39440,29582,19435,9601,44557,35003,25016,14839,4485,39400,29291,19471,9572,4148,4410,34401,24448,14452,4522,44416,34468,24493,14508,4538,39326,29393,19818,9901,4404,4415,39402,29321,19495,9507,44395,4678554,4668609,992,957,972,959,935,1377,920,35981,25973,16042,6138,41000,31065,21098,11122,45962,36028,26057,16098,6131,45973,36049,26097,16126,6143,40947,31008,21030,11042,1045,957,35966,26026,16065,6085,40976,31025,21061,11090,40956,30992,21038,11073,50928,41015,31054,21093,11104,46010,36061,26104,16117,6149,40979,31040,21070,11096,1120,40723,31015,21055,11078,1108,954,35975,26024,16041,6060,40961,31021,21045,11077,46019,36071,26068,16138,6159,40974,31031,21052,11055,1095,960,35966,26022,16042,6069,40981,31029,21057,11068,45960,36022,26047,16060,6085,40765,251117,241248,231287,221271,216422,5110,4986,4990,4990,4991,4995,5003,5005,4971,5018,4987,5005,4995,4996,5012,4992,35059,25126,15154,5194,39992,30040,20068,10090,45113,35164,25195,15221,5232,34754,25033,15088,5132,5173,27518,31637,22705,11449,2689,37641,27713,17603,7714,42730,32754,22802,12809,47153,37707,27729,17778,7808,42752,32809,18099,12853,2876,2668,4332622,4322667,17781,7814,35522,27704,17735,7745,48168,38232,28255,18283,8311
969,931,775,745,737,765,797,1117,794,792,799,796,791,829,794,825,797,30797,20819,10879,896,35778,25855,15877,5901,40793,30848,20885,10923,45814,35848,25901,15934,5966,4335769,4325827,20936,10964,961,40799,30867,20910,10954,996,760,35796,25852,15883,5915,40800,30848,20867,10899,50798,40833,30887,20913,10951,45802,35841,25880,15900,5930,45798,35847,25878,15901,5928,40792,30846,20870,10892,917,35793,25843,14777,5902,5120,796,30898,20954,10994,1027,40767,30869,20829,10953,50728,40841,30852,20813,10861,40795,30851,20874,10897,918,35796,25845,15884,5907,795,805,30799,20854,10893,929,35802,25889,15934,5965,40772,30827,20896,10928,45747,35811,25836,15863,5922,40825,30857,20909,10929,949,780,35799,25857,15893,5922,40780,30845,20868,10887,4335762,4688742,383864,373904,652,654,617,617,618,603,574,35678,25746,15785,5822,40619,30670,20696,10736,45616,35672,25706,15736,5768,40615,30664,20694,10720,745,588,40621,30689,20715,10742,45621,35676,25705,15730,5682,35617,25663,15700,5700,614,616,35620,25666,15701,5727,35613,25647,15682,5736,45533,35721,25729,15785,5775,40615,30668,20710,10753,781,615,4330578,25640,15696,5717,40619,30682,20717,10745,45617,35671,25673,15739,5777,40582,265873,255904,245932,1959,1925,1987,1943,1944,1943,41931,31997,22016,12065,41942,32003,22026,12057,2088,41942,31993,22009,12044,2079,1941,36940,26983,17032,7069,46900,36955,26976,17000,7031,41937,31986,22006,12018,2047,41944,32013,22036,12068,2096,1943,36941,26999,17011,7037,41940,31994,22003,12033,51877,42003,32038,22060,12096,42027,32080,22004,12089,2152,4331907,4321962,17032,7065,1944,1925,31946,21995,12028,2057,36923,27003,17042,7073,41936,31996,22046,12093,46931,334135,324163,314187,1911,1844,1900,1902,1883,1847,1914,31931,21990,12009,2030,41988,32030,22065,12060,46848,36906,26929,16948,6966,46910,36964,26997,17031,7062,41902,31955,21981,12007,2040,1907,31887,83270,73303,1606,36540,26687,16709,6817,4336550,4326620,4316646,4306671,4341774,36820,26960,16981,7002,41412,31657,21685,11719,1751,1586,31594,21513,11663,1638,36586,26644,16678,6720,46591,36634,26672,16694,6746,41738,31834,21882,11921,1951,36545,26633,16660,6717,1573,1625,31699,21730,11793,1809,36422,26646,16676,6708,41536,31719,21853,11877,51965,41930,32262,21709,12296,41604,31128,21556,11705,1735,1785,36510,26691,16711,6750,41601,31648,21634,11604,1700,36591,26640,16510,6129,1603,1583,31672,20930,11717,1770,36490,26536,16668,6682,4671564,4070,3948,3946,3944,3925,4090,3943,33934,23945,13986,4034,44121,34178,24205,14251,48905,38999,29018,19046,9074,48956,39027,29054,19086,9111,43924,33994,24027,13949,4107,3908,33934,23994,14032,4039,38917,29005,19042,9070,43940,33999,24036,14060,48903,38964,29005,19035,9044,43959,34021,24043,14060,4084,43936,33995,24033,14081,4116,38713,28991,19015,9053,4016,3948,38934,28990,19014,9036,38939,29000,19019,9048,43941,34008,24019,14063,4093,44109,34165,24177,14210,4240,3938,13956
2523,2494,2338,2298,2306,2320,2349,2348,2343,2300,2344,2464,2351,2343,2336,2305,2312,32334,22395,12430,2467,37238,27398,17436,7471,47440,37495,27521,17529,7587,37341,27390,17438,7481,2349,2349,32382,22431,17330,7401,42350,32400,22422,12447,2466,4332312,4322376,4312409,7443,377348,1384,1262,1257,1257,1302,1245,36253,26290,16331,6371,41266,31306,21329,11357,46397,36457,31250,21310,11342,46243,36305,26316,16339,6372,46257,36318,26343,16368,6390,41259,31319,21347,11373,1400,1288,36260,26322,16343,6386,41264,31321,21354,11381,41198,31337,20969,11403,51228,41310,31333,21378,11370,46206,36275,26307,16342,6373,4336274,4326330,4316373,4306412,4296463,1263,36261,26324,16360,6389,41259,31317,21359,11398,41295,31371,21403,11385,1473,36257,237166,907,875,882,871,876,878,874,879,879,871,874,875,872,884,906,1766,35873,25936,15956,5984,40874,30931,20965,11000,40874,30934,20993,11036,45879,35961,25994,16017,6046,40872,30753,20982,11006,1028,753,40865,30947,20968,10823,45864,35952,25928,15966,5990,40876,30925,20948,10967,992,856,40844,30933,20960,10978,4335830,4325898,4315941,11012,50878,40940,30968,20995,10898,51638,41685,31704,21672,11721,45899,35949,26000,15897,6027,40877,332167,322218,1006,1514,1006,1004,926,992,35950,26005,16043,6072,40950,31009,21030,11062,1065,41352,31411,21447,11482,1511,978,36063,26171,16148,6176,40971,30995,21032,11046,50980,102395,92442,82480,72516,989,36022,26077,16110,6129,40921,30995,21028,11062,4340555,36026,26065,16089,6112,40960,31018,21046,11070,1098,928,35965,26017,16062,6089,40958,31008,21044,11087,45959,36004,26039,16080,6117,45988,36599,27033,17052,7077,35449,25646,15923,6102,1028,1194,35918,25517,16089,6073,35958,26006,16028,6069,40350,31116,21195,11256,46657,36697,18482,16539,42639,40980,31000,21016,11032,45964,35990,26032,16054,6077,35968,25991,16055,6087,962,927,36010,26068,16070,6085,36179,26185,16236,1898,41021,32252,20383,12280,45963,4679220,4669405,1730,1695,1694,1696,1669,3836,1698,36693,26673,16744,6760,46984,37053,27090,17216,7287,41704,31759,21785,11820,1830,1698,41698,31757,21820,11862,46717,36767,26793,16822,6843,41698,31751,21768,11757,1785,1696,36700,26758,16797,6799,36701,26748,16724,6790,46742,36803,26801,16857,6880,41725,31756,21785,11833,1854,1694,36886,26929,16959,6966,41683,31734,21764,11797,46703,36756,26787,16808,6832,36709,26747,16794,6813,1698,1664,36702,26785,16826,6863,4331655,4321707,4311766,6845,41748,31805,21836,11792,46697,36545,26778,16773,6831,41750,31808,21822,11860,1878,1727,36691,232546,222525,212601,1271,36253,26318,16346,6367,46364,36410,26433,16451,6463,41261,31317,21348,11373,1395,1258,36265,26326,16350,6369,41428,31482,21508,11531,1549,41253,31301,21329,11347,1368,1283,36268,26327,16358,6377,51201,41228,30258,21513,11581,41265,31317,21340,11347,1405,36264,26316,16038,6387,1262,1263,41263,31109,21342,6636,46257,33735,26409,16435,6459,41266,31325,20934,11374,1396,1261,36263,26330,16355,6378
3485,3453,3435,3314,3323,3285,3326,3333,3325,3693,3345,3331,3365,3327,3327,3325,3302,33327,23383,13411,3440,38194,28354,18385,8425,43324,33376,23413,13428,3485,38322,28364,18399,8429,3327,3331,33323,23380,13403,3451,43329,33384,23410,13440,3468,4333267,4323330,4313368,8404,378302,2340,2239,2211,2240,2272,2236,37240,27288,17330,7388,42222,32271,22301,12321,47237,37297,27321,17354,7380,47192,37249,27257,17276,7306,47241,37310,27336,17361,7390,37242,27313,17339,7363,2237,2218,37244,27298,17320,7363,37236,27291,17312,7342,42174,32306,21937,12368,2368,42214,32274,22337,12333,2353,2239,32241,22317,12356,2389,4332207,4322266,4312288,4302328,42244,32292,22316,12343,47257,37332,27349,17363,7374,37234,27301,17333,7317,2252,2208,240501,4265,4150,4145,4141,4143,4169,4143,4182,4150,4143,4163,4143,4174,4150,4252,4641,34148,24208,14237,4275,39153,29209,19244,9275,44146,34217,24239,14264,44141,34215,24241,14270,4308,39154,29052,19282,9306,4138,4021,39181,29269,19313,9196,44150,34236,24213,14261,4290,39197,29257,19305,9326,4148,4138,39182,29271,19309,9336,4339102,4329166,4319207,14280,49259,39320,29358,19402,9319,49214,39258,29284,19256,9314,44172,34228,24282,14177,4310,39139,332119,322171,955,1368,931,927,901,919,35921,25967,15997,6020,40906,31011,21041,11080,1084,41126,31202,21239,11273,1303,914,35924,26036,16014,6043,40929,30960,20998,11008,50927,102141,92174,82200,72223,688,35871,25922,15953,5976,40822,30891,20932,10958,4340280,35744,25771,15800,5825,40668,30723,20758,10788,820,669,35674,25725,15772,5804,40642,30696,20731,10767,45674,35729,25760,15801,5833,45751,35803,25833,15846,5880,35154,25373,15669,5827,838,1076,35594,25182,15773,5772,35673,25742,15760,5794,40171,31129,21336,11394,50734,40771,22562,20620,42385,40726,30745,20767,10785,45668,35696,25753,15796,5830,35673,25695,15757,5778,670,651,35700,25758,15766,5785,35770,25783,15847,1522,40824,30875,20125,12024,45673,4679045,4669231,1550,1523,1524,1523,1497,1684,1568,36523,26508,16578,6583,46535,36684,26732,16780,6842,41527,31578,21599,11622,1627,1524,41536,31590,21615,11644,46527,36577,26591,16616,6644,41523,31573,21594,11592,1627,1551,36528,26578,16611,6613,36525,26586,16567,6637,46522,36587,26585,16645,6669,41525,31554,21583,11632,1653,1526,36705,26757,16793,6804,41509,31557,21587,11624,46528,36584,26619,16645,6676,36523,26560,16605,6625,1529,1491,36547,26605,16626,6647,4331479,4321525,4311579,6638,41571,31624,21656,11613,46725,36590,26834,16846,6913,41518,31574,21593,11631,1647,1523,36516,232531,222514,212597,1269,36253,26318,16343,6367,46254,36305,26334,16353,6366,41272,31323,21349,11373,1395,1255,36257,26309,16334,6350,41259,31312,21339,11362,1380,41411,31463,21495,11513,1534,1357,36356,26409,16449,6477,51216,41273,30259,21515,11586,41281,31336,21371,11382,1442,36257,26313,16041,6385,1256,1258,41259,31113,21356,6670,46255,33697,26352,16376,6421,41257,31307,20921,11369,1400,1261,36260,26324,16358,6389
